type,director,country,release_year,duration,listed_in,Actual_Rating,Predicted_Rating
TV Show,Not Given,South Korea,2019,2 Seasons,"International TV Shows, Korean TV Shows, Romantic TV Shows",TV-14,TV-MA
Movie,Not Given,United Kingdom,2021,36 min,"Comedies, Dramas",TV-14,TV-MA
Movie,Jami,Pakistan,2015,135 min,"Dramas, Independent Movies, International Movies",TV-14,TV-MA
Movie,Jenny Popplewell,United States,2020,84 min,Documentaries,TV-MA,TV-MA
TV Show,Not Given,South Korea,2017,2 Seasons,"International TV Shows, Korean TV Shows, Romantic TV Shows",TV-MA,TV-MA
Movie,"Roger Allers, Jill Culton",United States,2006,86 min,"Children & Family Movies, Comedies",PG,PG
TV Show,Not Given,France,2018,2 Seasons,"International TV Shows, TV Comedies",TV-MA,TV-MA
Movie,Kim Nguyen,Canada,2014,87 min,"Documentaries, International Movies",TV-14,TV-MA
TV Show,Not Given,South Korea,2013,1 Season,"International TV Shows, Korean TV Shows, Romantic TV Shows",TV-MA,TV-PG
Movie,"Rodrigo Guardiola, Gabriel Cruz Rivas",Mexico,2016,89 min,"Documentaries, International Movies, Music & Musicals",TV-MA,TV-MA
TV Show,Not Given,Canada,2010,1 Season,Docuseries,TV-PG,TV-MA
Movie,Seth Barrish,United States,2013,76 min,Stand-Up Comedy,TV-14,TV-MA
Movie,Adekunle Nodash Adejuyigbe,Nigeria,2018,67 min,"International Movies, Thrillers",TV-14,TV-MA
Movie,"Sumitra Bhave, Sunil Sukthankar",India,2004,123 min,"Dramas, International Movies",TV-PG,TV-14
Movie,A. L. Vijay,India,2016,131 min,"Comedies, International Movies, Sci-Fi & Fantasy",TV-14,TV-14
Movie,Gus Van Sant,United States,2008,128 min,"Dramas, Independent Movies, LGBTQ Movies",R,R
Movie,Glenn Miller,United States,2014,86 min,"Children & Family Movies, Comedies",TV-PG,PG
Movie,Chris Nahon,Hong Kong,2016,101 min,Action & Adventure,R,R
Movie,"Anna Boden, Ryan Fleck",United States,2015,109 min,"Dramas, Independent Movies",R,R
Movie,Ben Falcone,United States,2021,107 min,"Action & Adventure, Comedies",PG-13,R
Movie,Patrik Syversen,United States,2017,98 min,"Action & Adventure, Sci-Fi & Fantasy",PG-13,PG-13
TV Show,Not Given,Pakistan,2008,1 Season,"Crime TV Shows, International TV Shows, TV Action & Adventure",TV-14,TV-MA
Movie,Nuel Naval,Philippines,2015,127 min,"Dramas, International Movies, Romantic Movies",TV-MA,TV-MA
TV Show,Not Given,Pakistan,2017,1 Season,"International TV Shows, TV Comedies",TV-MA,TV-14
Movie,Leandro Neri,Brazil,2021,95 min,"Comedies, International Movies, Music & Musicals",TV-MA,TV-MA
Movie,Scott McAboy,United States,2017,69 min,Children & Family Movies,TV-Y,TV-Y
Movie,Merawi Gerima,United States,2020,90 min,"Dramas, Independent Movies",TV-MA,R
TV Show,Not Given,United Kingdom,2021,2 Seasons,Kids' TV,TV-Y7,TV-Y
TV Show,Not Given,South Africa,2020,1 Season,"International TV Shows, TV Action & Adventure, TV Dramas",TV-MA,TV-MA
TV Show,Not Given,China,2015,1 Season,"International TV Shows, Romantic TV Shows, TV Dramas",TV-PG,TV-14
TV Show,Not Given,Taiwan,2017,1 Season,"International TV Shows, Romantic TV Shows, TV Comedies",TV-MA,TV-14
Movie,Dolapo Adeleke,Kenya,2020,92 min,"Comedies, Dramas, International Movies",TV-G,TV-MA
TV Show,Not Given,United Kingdom,2020,1 Season,"British TV Shows, International TV Shows, Reality TV",TV-G,TV-PG
TV Show,Not Given,South Korea,2019,1 Season,"Crime TV Shows, International TV Shows, Korean TV Shows",TV-14,TV-MA
Movie,Hong-seon Kim,South Korea,2017,110 min,"Dramas, International Movies, Thrillers",TV-MA,TV-MA
TV Show,Not Given,United States,2020,4 Seasons,"Docuseries, Reality TV",TV-14,TV-MA
Movie,"Daniel Mann, Joseph Sargent",United States,1980,149 min,Dramas,TV-14,R
Movie,Joe Boyd,United States,1973,102 min,"Documentaries, Music & Musicals",R,R
Movie,Taika Waititi,New Zealand,2016,101 min,"Action & Adventure, Comedies, Dramas",PG-13,TV-MA
Movie,Michael Pressman,United States,1991,88 min,"Children & Family Movies, Comedies",PG,PG
Movie,Not Given,Pakistan,2021,102 min,"Dramas, International Movies, Romantic Movies",TV-MA,TV-14
Movie,Bedran Güzel,Turkey,2017,111 min,"Comedies, International Movies",TV-MA,TV-MA
Movie,James Wan,United States,2010,103 min,"Horror Movies, Thrillers",PG-13,R
TV Show,"José Larraza, Marc Pons",Not Given,2021,2 Seasons,"Docuseries, International TV Shows, Spanish-Language TV Shows",TV-MA,TV-MA
Movie,Manuel Alcalá,Not Given,2021,100 min,"Documentaries, International Movies",TV-MA,TV-MA
Movie,Tathagata Banerjee,India,2017,103 min,"Dramas, International Movies, Romantic Movies",TV-14,TV-14
Movie,Selima Taibi,Germany,2017,96 min,"Documentaries, International Movies",TV-PG,TV-14
TV Show,Not Given,Mexico,2004,1 Season,"International TV Shows, Romantic TV Shows, Spanish-Language TV Shows",TV-PG,TV-14
TV Show,Not Given,United States,2018,2 Seasons,"Crime TV Shows, TV Action & Adventure, TV Dramas",TV-MA,TV-MA
Movie,Anubhav Sinha,India,2019,125 min,"Dramas, International Movies, Thrillers",TV-MA,TV-14
Movie,Glendyn Ivin,Australia,2021,95 min,"Children & Family Movies, Dramas",TV-14,TV-PG
Movie,Ron Howard,United States,2018,135 min,"Action & Adventure, Children & Family Movies, Sci-Fi & Fantasy",PG-13,PG-13
Movie,Michael A. Nickles,United States,2018,92 min,"Children & Family Movies, Comedies, Romantic Movies",PG,TV-MA
Movie,William Lau,United States,2014,74 min,Children & Family Movies,TV-Y7,TV-Y7
TV Show,Not Given,United Kingdom,2018,1 Season,"British TV Shows, International TV Shows, Romantic TV Shows",TV-MA,TV-MA
Movie,Chris McCoy,United States,2016,90 min,"Comedies, Independent Movies",R,TV-MA
Movie,Álvaro Brechner,Uruguay,2018,122 min,"Dramas, International Movies",TV-MA,TV-MA
Movie,George Gallo,United States,2009,113 min,"Comedies, Dramas, Independent Movies",R,R
Movie,Alexandre Aja,United States,2013,120 min,"Dramas, Horror Movies, Sci-Fi & Fantasy",R,R
Movie,David R. Ellis,United States,2009,82 min,Horror Movies,R,PG-13
Movie,J.A. Bayona,United Kingdom,2016,108 min,"Dramas, Sci-Fi & Fantasy",PG-13,TV-MA
Movie,Alex Díaz,Mexico,2020,51 min,Stand-Up Comedy,TV-MA,TV-MA
TV Show,Not Given,United States,2005,3 Seasons,"Kids' TV, TV Comedies",TV-Y7,TV-G
Movie,Joe Dante,United States,1998,110 min,"Action & Adventure, Comedies, Sci-Fi & Fantasy",PG-13,PG-13
TV Show,Not Given,United States,2018,2 Seasons,"Crime TV Shows, Docuseries",TV-MA,TV-14
Movie,Maroun Baghdadi,France,1991,94 min,"Classic Movies, Dramas, Independent Movies",TV-MA,TV-MA
Movie,Adze Ugah,South Africa,2021,86 min,"Comedies, International Movies, Romantic Movies",TV-MA,TV-MA
Movie,"Mona Achache, Patricia Tourancheau",France,2021,92 min,"Documentaries, International Movies",TV-14,TV-MA
Movie,Richard Linklater,United States,2003,110 min,"Comedies, Music & Musicals",PG-13,R
TV Show,Not Given,United States,2021,1 Season,Docuseries,TV-MA,TV-14
Movie,Christopher Murray,Chile,2016,86 min,"Dramas, Independent Movies, International Movies",TV-MA,TV-MA
TV Show,Not Given,United States,2019,2 Seasons,Reality TV,TV-PG,TV-MA
TV Show,Not Given,Pakistan,2015,1 Season,"International TV Shows, TV Dramas",TV-14,TV-PG
Movie,Christopher Guest,United States,2016,95 min,Comedies,TV-MA,TV-MA
TV Show,Not Given,United Kingdom,2015,1 Season,"British TV Shows, Docuseries, Science & Nature TV",TV-PG,TV-PG
Movie,"Surya S.J., Sunil Kumar Agrawal",India,2003,157 min,"Comedies, International Movies, Music & Musicals",TV-14,TV-14
Movie,"Mark Thornton, Todd Kauffman",Canada,2020,24 min,Children & Family Movies,TV-Y,TV-Y
TV Show,Not Given,Japan,2021,1 Season,Kids' TV,TV-Y7,TV-Y
Movie,Thierry Donard,France,2017,94 min,"Action & Adventure, Documentaries, International Movies",TV-14,TV-MA
Movie,Nicolas Pesce,United States,2016,76 min,"Horror Movies, Independent Movies",R,TV-MA
Movie,Steve Loter,United States,2014,78 min,Children & Family Movies,G,G
TV Show,Not Given,Jordan,2021,1 Season,"International TV Shows, TV Dramas, Teen TV Shows",TV-14,TV-MA
Movie,Jessica Yu,United States,2017,64 min,Stand-Up Comedy,TV-MA,TV-MA
Movie,Nick Gomez,United States,2014,87 min,Thrillers,TV-14,R
TV Show,Not Given,India,2019,1 Season,"Kids' TV, TV Comedies",TV-Y,TV-Y
Movie,Dava Whisenant,United States,2018,87 min,"Documentaries, Music & Musicals",PG-13,TV-MA
Movie,Toka McBaror,Nigeria,2018,106 min,"Comedies, International Movies",TV-MA,TV-MA
Movie,"Wong Jing, Jason Kwan",Hong Kong,2017,129 min,"Action & Adventure, Dramas, International Movies",TV-MA,TV-MA
TV Show,Not Given,United States,2020,1 Season,"Crime TV Shows, Docuseries",TV-MA,TV-MA
TV Show,Not Given,United Kingdom,2013,1 Season,"British TV Shows, Docuseries",TV-MA,TV-MA
TV Show,Not Given,United States,2014,1 Season,Docuseries,TV-14,TV-PG
TV Show,Not Given,United States,2005,1 Season,"British TV Shows, TV Comedies",TV-MA,TV-14
TV Show,Not Given,Senegal,2019,1 Season,"Crime TV Shows, International TV Shows, TV Dramas",TV-MA,TV-MA
Movie,Ahmad El-Badri,Egypt,2008,93 min,"Comedies, International Movies",TV-PG,TV-14
Movie,Brad Anderson,Spain,2004,102 min,"Dramas, Independent Movies, Thrillers",R,TV-MA
Movie,"Phil Nibbelink, Simon Wells",United States,1991,75 min,Children & Family Movies,G,G
TV Show,Not Given,India,2018,1 Season,"International TV Shows, Romantic TV Shows, TV Comedies",TV-MA,TV-MA
Movie,Spike Lee,United States,2017,53 min,Dramas,TV-MA,TV-MA
Movie,"Roman Atwood, Ben Pluimer",United States,2016,91 min,Comedies,R,TV-MA
Movie,Angshuman Ghosh,India,2020,68 min,Stand-Up Comedy,TV-MA,TV-MA
Movie,Shelly Chopra Dhar,India,2019,120 min,"Comedies, Dramas, International Movies",TV-14,TV-14
Movie,"Harvey Glazer, Stuart Stone",Canada,2018,86 min,"Documentaries, Sports Movies",TV-MA,TV-MA
Movie,Jon Rosenbaum,United States,2018,29 min,"Children & Family Movies, Comedies",TV-G,PG
Movie,Oliver Kienle,Germany,2020,113 min,"Comedies, International Movies, Romantic Movies",TV-MA,TV-MA
TV Show,Not Given,United Kingdom,2018,1 Season,"British TV Shows, Crime TV Shows, International TV Shows",TV-MA,TV-MA
Movie,Ömer Faruk Sorak,Turkey,2004,123 min,"Action & Adventure, Comedies, International Movies",TV-MA,TV-14
TV Show,Not Given,Belgium,2017,1 Season,"Crime TV Shows, International TV Shows, TV Dramas",TV-14,TV-MA
Movie,David L. Cunningham,United States,2018,110 min,"Dramas, Romantic Movies",TV-14,PG-13
Movie,Zatella Beatty,United States,2014,88 min,"Documentaries, Sports Movies",NR,TV-MA
Movie,Eeshwar Nivas,India,2003,162 min,"Action & Adventure, Dramas, International Movies",TV-14,TV-14
Movie,Sam O'Steen,United States,1976,98 min,"Dramas, Music & Musicals",PG,R
Movie,Zsolt Pálfi,Hungary,2019,72 min,Children & Family Movies,TV-Y,TV-Y
TV Show,Not Given,Taiwan,2020,1 Season,"International TV Shows, Reality TV",TV-14,TV-14
Movie,Kirsten Johnson,United States,2020,90 min,Documentaries,PG-13,TV-MA
TV Show,Not Given,Pakistan,2012,1 Season,"International TV Shows, Romantic TV Shows, TV Dramas",TV-14,TV-PG
Movie,Jon Schnitzer,United States,2017,89 min,"Documentaries, Horror Movies",TV-MA,TV-MA
Movie,Rohit Mittal,India,2016,97 min,"Dramas, International Movies, Thrillers",TV-MA,TV-MA
Movie,Clay Glen,Australia,2016,97 min,"Children & Family Movies, Dramas, Sports Movies",TV-Y,TV-MA
Movie,Simon Wincer,United States,1993,112 min,"Children & Family Movies, Dramas",PG,PG
Movie,Amit Roy,India,2017,115 min,"Comedies, International Movies, Romantic Movies",TV-14,TV-14
Movie,Federico Lemos,Not Given,2016,79 min,"Children & Family Movies, Documentaries, International Movies",TV-PG,TV-PG
TV Show,Not Given,South Korea,2013,1 Season,"International TV Shows, Korean TV Shows, Romantic TV Shows",TV-14,TV-PG
Movie,Shady Hanna,Lebanon,2018,98 min,"Comedies, International Movies, Romantic Movies",TV-14,TV-MA
Movie,Roman Polański,United Kingdom,2002,149 min,"Dramas, Independent Movies, International Movies",R,R
TV Show,Not Given,United States,2019,1 Season,"Docuseries, TV Dramas",TV-MA,TV-MA
Movie,Sung Do-jun,South Korea,2021,102 min,"Dramas, International Movies, LGBTQ Movies",TV-PG,TV-MA
Movie,Not Given,United States,2020,108 min,"Documentaries, LGBTQ Movies",TV-MA,TV-MA
Movie,Marcus Raboy,United States,2018,67 min,Stand-Up Comedy,TV-MA,TV-MA
TV Show,Not Given,Australia,2020,8 Seasons,"Crime TV Shows, TV Dramas",TV-MA,TV-MA
TV Show,Not Given,United States,2020,1 Season,"Docuseries, Science & Nature TV",TV-PG,TV-14
Movie,Not Given,United States,2019,46 min,"Children & Family Movies, Comedies",TV-Y7,TV-Y
Movie,Michael Lennox,United Kingdom,2015,92 min,"Dramas, Thrillers",TV-MA,R
Movie,Juan Pablo Buscarini,Spain,2016,99 min,"Children & Family Movies, Music & Musicals",G,TV-MA
Movie,Joram Lürsen,Netherlands,2018,123 min,"Dramas, International Movies",TV-MA,TV-MA
Movie,Sarah Gavron,United Kingdom,2015,107 min,"Dramas, International Movies",PG-13,TV-MA
Movie,Mary Mazzio,United States,2017,98 min,Documentaries,TV-14,TV-MA
TV Show,Not Given,United States,2021,1 Season,Anime Series,TV-14,TV-MA
Movie,Not Given,Pakistan,2019,60 min,"Documentaries, International Movies, Sports Movies",TV-PG,TV-MA
Movie,Nick Castle,United States,1995,97 min,Comedies,PG-13,R
Movie,Juan Antonio de la Riva,Mexico,2015,88 min,"Horror Movies, International Movies",TV-14,TV-MA
Movie,Ertanto Robby Soediskam,Indonesia,2018,73 min,"Dramas, Independent Movies, International Movies",TV-PG,TV-MA
Movie,Not Given,United Kingdom,2016,75 min,"Action & Adventure, Independent Movies, International Movies",TV-MA,TV-MA
Movie,Philip Barantini,United Kingdom,2020,97 min,Dramas,R,TV-MA
TV Show,Not Given,Germany,2020,1 Season,"International TV Shows, TV Dramas",TV-MA,TV-MA
TV Show,Not Given,United States,2020,2 Seasons,"Crime TV Shows, TV Action & Adventure, TV Dramas",TV-MA,TV-MA
TV Show,Not Given,France,2004,1 Season,Kids' TV,TV-Y,TV-Y7
TV Show,Not Given,Japan,2007,1 Season,"Anime Series, International TV Shows",TV-14,TV-MA
Movie,Jonathan Baker,United Kingdom,2017,106 min,Thrillers,R,TV-MA
TV Show,Not Given,United States,2021,2 Seasons,"TV Horror, Teen TV Shows",TV-14,TV-MA
Movie,"Richard Claus, Karsten Kiilerich",Netherlands,2017,83 min,Children & Family Movies,TV-G,TV-Y
Movie,Andrea Molaioli,Italy,2017,99 min,"Comedies, Dramas, International Movies",TV-MA,TV-MA
Movie,Jonathan Clay,United States,2021,74 min,Documentaries,TV-PG,TV-14
Movie,Emir Kusturica,Argentina,2018,73 min,"Documentaries, International Movies",TV-14,TV-MA
Movie,Farhan Akhtar,India,2004,185 min,"Action & Adventure, Dramas, International Movies",TV-PG,TV-14
Movie,David Blair,United Kingdom,2018,107 min,"Action & Adventure, Dramas",TV-MA,R
Movie,Antonio Díaz,Not Given,2016,50 min,International Movies,TV-14,TV-MA
Movie,"Banjong Pisanthanakun, Parkpoom Wongpoom",Thailand,2004,96 min,"Horror Movies, International Movies",TV-MA,TV-MA
Movie,Prakash Jha,India,2005,161 min,"Dramas, International Movies",TV-14,TV-14
Movie,"Banjong Pisanthanakun, Paween Purikitpanya, Songyos Sugmakanan, Parkpoom Wongpoom, Visute Poolvoralaks",Thailand,2009,125 min,"Horror Movies, International Movies",TV-MA,TV-MA
Movie,James Yukich,United States,2015,38 min,"Children & Family Movies, Music & Musicals",TV-G,TV-MA
Movie,Bong Joon Ho,South Korea,2017,121 min,"Action & Adventure, Comedies, Dramas",TV-MA,TV-MA
TV Show,Not Given,South Korea,2016,1 Season,"International TV Shows, Korean TV Shows, Romantic TV Shows",TV-PG,TV-14
TV Show,Not Given,Pakistan,2020,3 Seasons,"Kids' TV, TV Comedies",TV-Y,TV-Y7
Movie,Umesh Ghadge,India,2016,124 min,"Comedies, International Movies",TV-MA,TV-14
Movie,Shirley Frimpong-Manso,Ghana,2019,148 min,"Comedies, Dramas, International Movies",TV-MA,TV-MA
Movie,Pooja Bhatt,India,2010,113 min,"Dramas, International Movies, Music & Musicals",TV-14,TV-14
Movie,Felix Chong,Hong Kong,2010,95 min,"Action & Adventure, Comedies, International Movies",TV-MA,TV-14
Movie,Santiago Alvarado Ilarri,Mexico,2020,93 min,"Horror Movies, International Movies",TV-MA,TV-MA
TV Show,Not Given,France,2020,1 Season,"International TV Shows, Reality TV, TV Comedies",TV-MA,TV-MA
Movie,Steven Spielberg,United States,2011,147 min,Dramas,PG-13,PG-13
Movie,Steven Soderbergh,Ireland,2011,93 min,Action & Adventure,R,R
Movie,Vineeth Anil,India,2017,116 min,"Dramas, International Movies",TV-14,TV-14
Movie,Craig Gillespie,United States,2007,88 min,Comedies,PG-13,PG-13
Movie,Kiran Rao,India,2010,102 min,"Dramas, International Movies",TV-MA,TV-14
TV Show,Not Given,Thailand,2021,2 Seasons,"International TV Shows, TV Dramas, TV Mysteries",TV-MA,TV-MA
Movie,Tyler Perry,United States,2010,134 min,Dramas,R,PG-13
TV Show,Not Given,China,2010,1 Season,"International TV Shows, Romantic TV Shows, TV Comedies",TV-PG,TV-14
Movie,Sagar Sarhadi,India,1982,121 min,"Dramas, Independent Movies, International Movies",TV-14,TV-MA
Movie,"Heidi Ewing, Rachel Grady",United States,2016,91 min,Documentaries,TV-MA,TV-14
Movie,Harvey Lowry,United States,2017,112 min,Dramas,TV-PG,R
Movie,Angga Dwimas Sasongko,Indonesia,2020,128 min,"Dramas, International Movies",TV-G,TV-14
Movie,"Colin Strause, Greg Strause",United States,2010,94 min,"Action & Adventure, Sci-Fi & Fantasy",PG-13,PG-13
Movie,Mamoru Hosoda,Japan,2018,98 min,"Action & Adventure, Anime Features, Children & Family Movies",PG,TV-MA
Movie,Alastair Fothergill,United Kingdom,2011,47 min,Movies,TV-PG,TV-PG
Movie,Liz Plonka,United States,2017,61 min,Stand-Up Comedy,TV-MA,TV-MA
TV Show,Not Given,Japan,2017,1 Season,"International TV Shows, TV Comedies",TV-PG,TV-14
TV Show,Not Given,Norway,2020,2 Seasons,"International TV Shows, Romantic TV Shows, TV Comedies",TV-MA,TV-MA
Movie,Toyin Abraham,Not Given,2017,104 min,"Comedies, International Movies",TV-MA,TV-MA
Movie,Theodore Witcher,United States,1997,109 min,"Comedies, Dramas, Independent Movies",R,R
Movie,Stan Lathan,United States,2019,66 min,Stand-Up Comedy,TV-MA,TV-MA
Movie,Bryan Buckley,Somalia,2017,118 min,Dramas,R,TV-MA
TV Show,Not Given,Colombia,2017,1 Season,"Crime TV Shows, International TV Shows, Spanish-Language TV Shows",TV-MA,TV-MA
Movie,Brian Oakes,United States,2019,49 min,"Documentaries, Music & Musicals",TV-14,TV-MA
Movie,Adam Dubin,United States,2015,59 min,Stand-Up Comedy,TV-MA,TV-MA
TV Show,Not Given,United States,2020,1 Season,"Kids' TV, TV Comedies",TV-Y7,TV-G
Movie,Mikael Håfström,Hungary,2021,116 min,Action & Adventure,R,R
TV Show,Not Given,Mexico,2021,2 Seasons,"Crime TV Shows, International TV Shows, Spanish-Language TV Shows",TV-MA,TV-MA
Movie,Sukhbir Singh,India,2016,133 min,"Comedies, International Movies, Romantic Movies",TV-PG,TV-14
TV Show,Not Given,United States,2018,2 Seasons,"Stand-Up Comedy & Talk Shows, TV Comedies",TV-MA,TV-MA
Movie,Manny Rodriguez,United States,2016,88 min,Stand-Up Comedy,TV-14,TV-MA
Movie,Shuko Murase,Not Given,2021,96 min,"Action & Adventure, Anime Features, International Movies",TV-14,TV-14
Movie,Ang Lee,Taiwan,2000,120 min,"Action & Adventure, International Movies, Romantic Movies",PG-13,TV-MA
Movie,Krzysztof Zanussi,Poland,1978,84 min,"Dramas, Independent Movies, International Movies",TV-MA,TV-MA
Movie,Clara Martínez-Lázaro,Spain,2018,91 min,"Comedies, Dramas, International Movies",TV-14,TV-MA
Movie,Gabriela Tagliavini,Spain,2019,79 min,"Comedies, International Movies, Romantic Movies",TV-MA,TV-MA
Movie,Wim Wenders,Switzerland,2018,96 min,"Documentaries, Faith & Spirituality, International Movies",PG,TV-MA
Movie,Michael Civille,United States,2019,88 min,Thrillers,TV-14,TV-14
Movie,Hatem Khraiche,Spain,2017,95 min,"Dramas, International Movies, Sci-Fi & Fantasy",TV-14,TV-MA
Movie,Vidhu Vinod Chopra,India,2020,115 min,"Dramas, International Movies, Romantic Movies",TV-14,TV-14
TV Show,Not Given,Canada,2019,3 Seasons,"TV Horror, TV Mysteries, TV Thrillers",TV-MA,TV-MA
Movie,Peter Sattler,United States,2014,117 min,"Dramas, Independent Movies",R,R
TV Show,Not Given,United States,1999,1 Season,"TV Comedies, TV Sci-Fi & Fantasy",TV-14,TV-14
TV Show,Not Given,Japan,2017,1 Season,"Crime TV Shows, International TV Shows, TV Dramas",TV-MA,TV-14
TV Show,Not Given,United States,2018,3 Seasons,Docuseries,TV-14,TV-MA
TV Show,Not Given,United States,2020,3 Seasons,"TV Comedies, Teen TV Shows",TV-14,TV-MA
TV Show,Uzodinma Okpechi,Not Given,2020,1 Season,"International TV Shows, TV Horror, TV Sci-Fi & Fantasy",TV-14,TV-MA
TV Show,Not Given,United States,2017,5 Seasons,"Kids' TV, TV Comedies",TV-Y7,TV-Y7
Movie,Takuya Inaba,Japan,2013,22 min,"International Movies, Sci-Fi & Fantasy",TV-Y,TV-14
Movie,Tate Taylor,United Kingdom,2014,139 min,"Dramas, Music & Musicals",PG-13,TV-MA
Movie,"Krishna Agazzi, Filippo Gastaldi",Italy,2016,73 min,"Documentaries, International Movies",TV-PG,TV-14
Movie,Trevor Ryan,United States,2017,84 min,"Comedies, Horror Movies, Independent Movies",TV-MA,TV-MA
Movie,Sung-soo Kim,South Korea,2016,133 min,"Action & Adventure, Dramas, International Movies",NR,TV-MA
TV Show,Not Given,Pakistan,2021,1 Season,"International TV Shows, Romantic TV Shows, TV Dramas",TV-14,TV-14
Movie,Şenol Sönmez,Turkey,2019,100 min,"Comedies, International Movies, Romantic Movies",TV-14,TV-MA
TV Show,Not Given,United States,2017,15 Seasons,"Crime TV Shows, TV Dramas, TV Mysteries",TV-14,TV-14
TV Show,Not Given,Russia,2017,1 Season,"International TV Shows, TV Dramas",TV-MA,TV-14
Movie,Lucien Bourjeily,Lebanon,2017,91 min,"Dramas, International Movies",TV-MA,TV-MA
Movie,Steven Spielberg,United States,1989,127 min,"Action & Adventure, Children & Family Movies, Classic Movies",PG-13,PG
Movie,Tariq Khan,India,2018,121 min,"Dramas, International Movies",TV-MA,TV-14
Movie,Bruce Robinson,United States,2011,120 min,"Comedies, Dramas",R,PG-13
Movie,Tyler Greco,Not Given,2021,23 min,Documentaries,PG,TV-14
Movie,Fred Ouro Preto,Not Given,2021,100 min,"Documentaries, International Movies, Music & Musicals",TV-MA,TV-MA
Movie,Ekene Som Mekwunye,Nigeria,2021,103 min,"Comedies, International Movies",TV-14,TV-MA
TV Show,Not Given,Canada,2007,1 Season,Kids' TV,TV-Y,TV-Y7
TV Show,Not Given,South Korea,2017,1 Season,"International TV Shows, Korean TV Shows, Romantic TV Shows",TV-14,TV-MA
Movie,McG,United States,2019,99 min,"Action & Adventure, Independent Movies, Sci-Fi & Fantasy",TV-14,TV-MA
Movie,Peter Lepeniotis,United Kingdom,2018,86 min,"Children & Family Movies, Comedies",PG,PG
Movie,Not Given,Pakistan,2016,64 min,Stand-Up Comedy,TV-MA,TV-MA
Movie,Julien Leclercq,France,2020,81 min,"Dramas, International Movies, Thrillers",TV-MA,TV-MA
TV Show,Not Given,South Korea,2018,1 Season,"International TV Shows, Korean TV Shows, TV Comedies",TV-MA,TV-MA
Movie,Andy Tennant,United States,2005,118 min,"Comedies, Romantic Movies",PG-13,PG-13
Movie,Chris Blake,United States,2018,84 min,"Horror Movies, Thrillers",TV-MA,TV-MA
Movie,Kim Dong-kyu,South Korea,2021,102 min,"Comedies, International Movies",TV-MA,TV-MA
TV Show,Not Given,Japan,2020,1 Season,"Anime Series, International TV Shows",TV-14,TV-14
Movie,Asim Raza,Pakistan,2015,170 min,"Dramas, International Movies, Romantic Movies",TV-PG,TV-14
Movie,"Gary Cohen, Ross Hockrow",United States,2017,86 min,"Documentaries, Sports Movies",TV-MA,TV-MA
Movie,Paul Munger,United States,2019,116 min,"Dramas, Faith & Spirituality",PG-13,TV-PG
Movie,Noël Wells,United States,2017,91 min,"Comedies, Independent Movies",TV-MA,TV-MA
TV Show,Not Given,United Kingdom,2018,1 Season,"British TV Shows, International TV Shows, Reality TV",TV-MA,TV-PG
Movie,Akashdeep,India,2016,111 min,"Comedies, International Movies",TV-14,TV-MA
Movie,Steve Brill,United States,2018,74 min,Stand-Up Comedy,TV-MA,TV-MA
Movie,Maz Jobrani,Not Given,2017,67 min,Stand-Up Comedy,TV-14,TV-MA
Movie,Robert Vince,United States,2015,93 min,"Children & Family Movies, Comedies, Sports Movies",PG,R
Movie,Wael Ihsan,Egypt,2004,111 min,"Action & Adventure, Comedies, International Movies",TV-14,TV-14
TV Show,Juan Carlos Medina,France,2021,1 Season,"Crime TV Shows, International TV Shows, TV Dramas",TV-MA,TV-MA
Movie,Aditya Sarpotdar,India,2018,136 min,"Action & Adventure, Dramas, International Movies",TV-14,TV-14
Movie,Vikram Pradhan,India,2017,127 min,"Comedies, Dramas, International Movies",TV-14,TV-14
Movie,Seema Pahwa,India,2019,113 min,"Dramas, Independent Movies, International Movies",TV-14,TV-14
Movie,Vipul Amrutlal Shah,India,2007,130 min,"Comedies, Dramas, International Movies",TV-14,TV-14
TV Show,Not Given,United States,2016,3 Seasons,Kids' TV,TV-Y7,TV-Y
Movie,Ted Demme,United States,2001,123 min,Dramas,R,PG-13
Movie,Linda Mendoza,United States,2019,56 min,Stand-Up Comedy,TV-MA,TV-MA
Movie,David Guy Levy,United States,2013,93 min,"Horror Movies, Independent Movies, Thrillers",TV-MA,R
Movie,Alex Holmes,Australia,2014,100 min,"Documentaries, International Movies, Sports Movies",NR,TV-MA
Movie,Hirotsugu Kawasaki,Japan,2005,97 min,"Action & Adventure, Anime Features, International Movies",TV-PG,TV-PG
TV Show,Not Given,France,2019,2 Seasons,"Crime TV Shows, International TV Shows, TV Dramas",TV-MA,TV-MA
Movie,Jane Campion,United Kingdom,2003,118 min,Thrillers,R,R
Movie,Nguyen Thanh Tung,Vietnam,2020,93 min,"Documentaries, International Movies, Music & Musicals",TV-G,TV-MA
TV Show,Not Given,Brazil,2020,1 Season,"International TV Shows, TV Dramas, TV Sci-Fi & Fantasy",TV-MA,TV-MA
TV Show,Not Given,Pakistan,2019,3 Seasons,Kids' TV,TV-Y,TV-Y7
TV Show,Not Given,China,2019,1 Season,"International TV Shows, TV Action & Adventure, TV Dramas",TV-MA,TV-14
TV Show,Not Given,United States,2020,2 Seasons,"Crime TV Shows, TV Dramas",TV-14,TV-MA
Movie,"Carlos Algara, Alejandro Martinez-Beltran",Mexico,2017,81 min,"Dramas, Independent Movies, International Movies",TV-MA,TV-MA
Movie,Clay Staub,Canada,2017,94 min,"Horror Movies, Sci-Fi & Fantasy, Thrillers",TV-MA,TV-MA
TV Show,Not Given,South Korea,2020,1 Season,"Crime TV Shows, International TV Shows, Korean TV Shows",TV-MA,TV-MA
TV Show,Not Given,United States,2018,1 Season,Reality TV,TV-PG,TV-MA
Movie,Sang-ho Yeon,South Korea,2016,118 min,"Action & Adventure, Horror Movies, International Movies",TV-MA,TV-MA
TV Show,Not Given,Pakistan,2016,1 Season,"International TV Shows, Romantic TV Shows, TV Dramas",TV-PG,TV-MA
Movie,Ava DuVernay,United States,2010,80 min,"Dramas, Independent Movies, Romantic Movies",TV-14,R
TV Show,Not Given,Pakistan,2010,5 Seasons,"TV Dramas, Teen TV Shows",TV-14,TV-MA
TV Show,Not Given,United States,2019,1 Season,"Crime TV Shows, Docuseries",TV-MA,TV-MA
Movie,Mark Williams,Canada,2016,110 min,Dramas,R,TV-MA
Movie,Floria Sigismondi,United States,2010,107 min,"Dramas, Independent Movies, Music & Musicals",R,R
TV Show,"Jill Bauer, Ronna Gradus, Rashida Jones",United States,2017,1 Season,Docuseries,TV-MA,TV-MA
Movie,Bruce Gowers,United States,1983,69 min,Stand-Up Comedy,TV-MA,TV-MA
TV Show,Not Given,United States,2014,2 Seasons,Reality TV,TV-14,TV-PG
Movie,Rob Reiner,United States,1995,113 min,"Comedies, Dramas, Romantic Movies",PG-13,R
Movie,Neill Blomkamp,South Africa,2015,121 min,"Action & Adventure, Sci-Fi & Fantasy",R,PG-13
Movie,Neal Brennan,United States,2009,89 min,Comedies,R,PG-13
TV Show,Not Given,Spain,2020,3 Seasons,"Crime TV Shows, International TV Shows, Spanish-Language TV Shows",TV-MA,TV-MA
TV Show,Not Given,Turkey,2018,1 Season,"International TV Shows, TV Dramas, TV Horror",TV-MA,TV-MA
Movie,Soumendra Padhi,India,2016,95 min,"Dramas, Independent Movies, International Movies",TV-MA,TV-14
Movie,Hani Al-Shaibani,United Arab Emirates,2019,80 min,"Comedies, International Movies",TV-PG,TV-14
Movie,Caryn Waechter,United States,2019,78 min,Horror Movies,TV-14,TV-MA
Movie,Wael Ehsan,Egypt,2006,109 min,"Comedies, International Movies",TV-14,TV-14
Movie,Kelly Noonan,United States,2017,107 min,Documentaries,TV-14,TV-MA
TV Show,Not Given,Pakistan,2012,1 Season,"International TV Shows, TV Dramas",TV-14,TV-14
Movie,Scott Pleydell-Pearce,Not Given,2021,63 min,"Children & Family Movies, Music & Musicals",TV-Y,TV-MA
Movie,P.K. Baaburaaj,India,2018,130 min,Dramas,TV-PG,TV-14
Movie,"Kip Andersen, Keegan Kuhn",United States,2017,92 min,Documentaries,TV-PG,TV-MA
TV Show,Not Given,Norway,2020,1 Season,"International TV Shows, TV Horror, TV Mysteries",TV-MA,TV-MA
Movie,"Manny Rodriguez, Jay Lavender",United States,2014,101 min,Stand-Up Comedy,PG-13,TV-MA
Movie,Shanawaz Nellikunnil,India,2017,104 min,"Dramas, Independent Movies, International Movies",TV-MA,TV-14
Movie,Johnnie To,Hong Kong,1995,79 min,"Dramas, International Movies",TV-14,TV-14
TV Show,"Srijit Mukherji, Vasan Bala, Abhishek Chaubey",Not Given,2021,1 Season,"International TV Shows, TV Dramas, TV Mysteries",TV-MA,TV-MA
Movie,"Blake Harris, Chris Bouchard",United States,2018,85 min,"Children & Family Movies, Dramas",PG,TV-PG
Movie,Aditya Kripalani,India,2018,107 min,"Dramas, Independent Movies, International Movies",TV-MA,TV-MA
Movie,Not Given,Mexico,2018,57 min,Stand-Up Comedy,TV-MA,TV-MA
Movie,Isaac Ezban,Mexico,2014,100 min,"International Movies, Sci-Fi & Fantasy, Thrillers",TV-MA,TV-MA
Movie,Jeremy Kenyon Lockyer Corbell,United States,2017,68 min,Documentaries,TV-14,TV-MA
Movie,Lance Bangs,United States,2017,69 min,Stand-Up Comedy,TV-MA,TV-MA
Movie,Justin Kelly,United Kingdom,2018,109 min,"Dramas, Independent Movies",R,R
Movie,"Anurag Kashyap, Dibakar Banerjee, Karan Johar, Zoya Akhtar",India,2013,123 min,"Dramas, International Movies",TV-MA,TV-14
TV Show,Not Given,United Kingdom,2018,2 Seasons,"British TV Shows, International TV Shows, Reality TV",TV-MA,TV-PG
TV Show,Not Given,Japan,2014,1 Season,"Anime Series, International TV Shows",TV-PG,TV-MA
Movie,"Pedro de Echave García, Pablo Azorín Williams",Not Given,2020,67 min,"Documentaries, International Movies",TV-MA,TV-MA
TV Show,Not Given,France,2019,1 Season,"International TV Shows, TV Comedies, TV Dramas",TV-MA,TV-MA
TV Show,Not Given,Pakistan,2019,2 Seasons,"Anime Series, Crime TV Shows, International TV Shows",TV-14,TV-MA
Movie,Imtiaz Ali,India,2005,137 min,"Comedies, International Movies, Romantic Movies",TV-14,TV-14
TV Show,Not Given,United Kingdom,2016,2 Seasons,"British TV Shows, Kids' TV",TV-Y7,TV-Y
Movie,André Øvredal,United Kingdom,2016,86 min,"Horror Movies, Independent Movies, Thrillers",R,TV-MA
TV Show,Not Given,United States,2019,1 Season,Kids' TV,TV-Y,TV-Y
Movie,Darren Lynn Bousman,United States,2018,103 min,"Horror Movies, Independent Movies",TV-MA,TV-MA
TV Show,Not Given,United States,2020,1 Season,Docuseries,TV-MA,TV-MA
Movie,James Ponsoldt,United States,2013,95 min,"Dramas, Independent Movies, Romantic Movies",R,R
Movie,Shirley Frimpong-Manso,Ghana,2017,104 min,"Comedies, Dramas, International Movies",TV-MA,TV-MA
Movie,Vincenzo Natali,Canada,2019,102 min,"Horror Movies, Thrillers",TV-MA,TV-MA
TV Show,Not Given,South Korea,2016,1 Season,"International TV Shows, Korean TV Shows, Romantic TV Shows",TV-MA,TV-14
Movie,Mohammad Adel,Egypt,2018,97 min,"Action & Adventure, Comedies, International Movies",TV-14,TV-14
Movie,Gary Michael Schultz,United States,2016,101 min,"Dramas, Thrillers",R,TV-MA
TV Show,Not Given,Brazil,2018,1 Season,"Docuseries, International TV Shows, Reality TV",TV-MA,TV-MA
Movie,Ted Emery,Australia,2005,82 min,Movies,TV-PG,TV-MA
Movie,Arnab Chaudhuri,India,2011,91 min,"Action & Adventure, Dramas, International Movies",TV-14,TV-14
Movie,Prabhu Deva,India,2012,137 min,"Action & Adventure, Comedies, International Movies",TV-14,TV-14
Movie,Ram Gopal Varma,India,2012,143 min,"Action & Adventure, International Movies",TV-MA,TV-14
Movie,Shigeaki Kubo,Japan,2016,94 min,"Action & Adventure, International Movies",TV-MA,TV-MA
Movie,Filip Zylber,Poland,2021,102 min,"Comedies, International Movies, Romantic Movies",TV-14,TV-MA
TV Show,Not Given,United States,2010,1 Season,"Reality TV, Romantic TV Shows",TV-14,TV-14
TV Show,Not Given,Taiwan,2017,1 Season,"International TV Shows, TV Comedies, TV Dramas",TV-MA,TV-MA
Movie,Samit Kakkad,India,2018,90 min,"Dramas, Independent Movies, International Movies",TV-MA,TV-14
Movie,Ifa Isfansyah,Indonesia,2009,96 min,"Children & Family Movies, Dramas, Sports Movies",TV-PG,TV-PG
Movie,Amit Saxena,India,2013,115 min,"Dramas, International Movies, Romantic Movies",TV-14,TV-14
Movie,Not Given,United Kingdom,2019,85 min,"Documentaries, Music & Musicals",TV-MA,TV-MA
Movie,Ava DuVernay,United States,2008,98 min,"Documentaries, Music & Musicals",TV-MA,R
Movie,Douglas Attal,Not Given,2021,101 min,"Action & Adventure, Dramas, International Movies",TV-MA,TV-MA
Movie,Not Given,United States,2012,23 min,Movies,TV-Y7,TV-Y
Movie,Steven Zaillian,United States,1993,110 min,"Children & Family Movies, Classic Movies, Dramas",PG,R
TV Show,Not Given,Turkey,2015,2 Seasons,"Crime TV Shows, International TV Shows, TV Action & Adventure",TV-14,TV-MA
Movie,Michael Fahey,Not Given,2019,96 min,"Documentaries, Sports Movies",TV-MA,TV-14
Movie,Robert Smigel,United States,2018,117 min,Comedies,TV-14,TV-MA
TV Show,Not Given,United States,2008,1 Season,"Kids' TV, TV Action & Adventure, TV Comedies",TV-PG,TV-14
Movie,Zoe Lister-Jones,United States,2017,94 min,"Comedies, Dramas, Independent Movies",R,TV-MA
Movie,Scott Marshall Smith,United States,2016,104 min,"Comedies, Dramas",TV-MA,TV-MA
Movie,Savage Steve Holland,United States,2020,71 min,"Children & Family Movies, Comedies",TV-G,PG
TV Show,Not Given,United States,2021,2 Seasons,"Reality TV, Romantic TV Shows",TV-MA,TV-MA
TV Show,Not Given,Australia,2015,3 Seasons,Reality TV,TV-MA,TV-PG
Movie,Mani Ratnam,India,1995,135 min,"Dramas, International Movies, Romantic Movies",TV-14,TV-14
TV Show,Not Given,South Korea,2020,1 Season,"International TV Shows, Romantic TV Shows, TV Dramas",TV-14,TV-MA
Movie,Matt Askem,United States,2018,86 min,"Documentaries, Music & Musicals",TV-14,TV-MA
Movie,Zoe Berriatúa,Spain,2018,86 min,"Dramas, International Movies, Sci-Fi & Fantasy",TV-MA,TV-MA
TV Show,Not Given,United States,2020,4 Seasons,"Kids' TV, TV Comedies",TV-Y7,TV-Y7
Movie,Dharmendra Suresh Desai,India,2016,141 min,"Dramas, International Movies",TV-14,TV-14
TV Show,Not Given,United Kingdom,2018,1 Season,"British TV Shows, Docuseries, Science & Nature TV",TV-14,TV-PG
Movie,Charlie McDowell,United States,2017,102 min,"Dramas, Independent Movies, Romantic Movies",TV-MA,TV-MA
TV Show,Not Given,United States,2017,4 Seasons,Kids' TV,TV-Y7,TV-Y
Movie,Ananda Krishnan,India,2016,116 min,"Dramas, International Movies, Thrillers",TV-14,TV-14
Movie,Ram Gopal Varma,India,2009,97 min,"Horror Movies, International Movies",TV-14,TV-MA
Movie,Alexis Morante,Spain,2018,105 min,"Documentaries, International Movies, Music & Musicals",TV-14,TV-MA
Movie,Jennifer Kaytin Robinson,United States,2019,92 min,"Comedies, Romantic Movies",R,TV-MA
Movie,Muzi Mthembu,Not Given,2021,97 min,"Dramas, Independent Movies, International Movies",TV-MA,TV-MA
Movie,Seyi Babatope,Nigeria,2020,105 min,"Dramas, International Movies, Thrillers",TV-14,TV-MA
TV Show,Not Given,United Kingdom,2014,5 Seasons,Kids' TV,TV-Y,TV-Y
TV Show,Elías León,Spain,2019,1 Season,"Crime TV Shows, Docuseries, International TV Shows",TV-MA,TV-MA
Movie,Daniel Espinosa,South Africa,2012,115 min,Action & Adventure,R,R
Movie,Scott Spiegel,United States,2011,88 min,"Cult Movies, Horror Movies",R,R
Movie,Brian Andrew Mendoza,United States,2021,110 min,"Action & Adventure, Dramas",R,R
TV Show,Not Given,South Korea,2012,1 Season,"International TV Shows, Korean TV Shows, TV Dramas",TV-14,TV-14
Movie,Tim Johnson,United States,2010,26 min,"Children & Family Movies, Comedies",TV-PG,PG
Movie,Stanley Menino D'Costa,India,2020,107 min,"Dramas, International Movies, Romantic Movies",TV-PG,TV-MA
Movie,Alejandro Fernández Almendras,Chile,2019,102 min,"Children & Family Movies, Comedies, Dramas",TV-PG,TV-MA
Movie,"Andy Caballero, Diego Corsini",Argentina,2018,96 min,"Dramas, International Movies, Music & Musicals",TV-MA,TV-MA
TV Show,Not Given,Israel,2020,3 Seasons,"Crime TV Shows, International TV Shows, TV Action & Adventure",TV-MA,TV-MA
Movie,Troy Miller,United States,2021,58 min,Stand-Up Comedy,TV-G,TV-MA
Movie,Andrew Niccol,United Kingdom,2018,100 min,"Dramas, Sci-Fi & Fantasy, Thrillers",TV-MA,TV-MA
Movie,Matthew Salleh,Australia,2017,101 min,"Documentaries, International Movies",TV-MA,TV-MA
Movie,James Haslam,United States,2018,95 min,Comedies,R,TV-MA
Movie,Fred Cavayé,France,2018,94 min,"Comedies, Dramas, International Movies",TV-MA,TV-MA
Movie,Anne Fontaine,Australia,2013,111 min,"Dramas, Independent Movies, International Movies",R,TV-MA
TV Show,Not Given,United States,2019,1 Season,"TV Comedies, TV Dramas",TV-MA,TV-MA
Movie,Rod Blackhurst,United States,2016,97 min,Horror Movies,TV-MA,TV-MA
Movie,"Matthew O'Callaghan, Todd Wilderman",United States,2008,76 min,"Children & Family Movies, Comedies",PG,PG
TV Show,Not Given,United States,2018,7 Seasons,"Crime TV Shows, TV Dramas",TV-14,TV-MA
Movie,"Fabrizio Copano, Augusto Matte",Chile,2016,88 min,"Comedies, Independent Movies, International Movies",TV-14,TV-MA
Movie,"Ola Flyum, David Hebditch",United States,2006,52 min,"Documentaries, International Movies",TV-PG,TV-PG
TV Show,Not Given,United Kingdom,2015,1 Season,"British TV Shows, Crime TV Shows, Docuseries",TV-14,TV-14
TV Show,Not Given,United States,2019,1 Season,Docuseries,TV-14,TV-MA
TV Show,Not Given,Spain,2018,1 Season,"Crime TV Shows, International TV Shows, Spanish-Language TV Shows",TV-MA,TV-MA
TV Show,Not Given,France,2019,1 Season,"International TV Shows, TV Dramas",TV-MA,TV-MA
Movie,Pedro Flores Maldonado,Not Given,2020,107 min,"Comedies, International Movies, Romantic Movies",TV-MA,TV-MA
TV Show,Not Given,South Korea,2018,1 Season,"International TV Shows, Korean TV Shows, TV Comedies",TV-MA,TV-MA
TV Show,Alastair Fothergill,United Kingdom,2012,1 Season,"British TV Shows, Docuseries, Science & Nature TV",TV-PG,TV-PG
Movie,Nagesh Kukunoor,India,2010,115 min,"Dramas, International Movies",TV-14,TV-14
Movie,Nick Mead,United States,2019,88 min,"Documentaries, Music & Musicals",TV-MA,TV-MA
Movie,Julián Gaviria,Colombia,2021,64 min,Stand-Up Comedy,TV-MA,TV-MA
Movie,Roberto Girault Facha,Mexico,2017,87 min,"Action & Adventure, International Movies, Sci-Fi & Fantasy",TV-MA,TV-MA
Movie,Hani Hamdi,Egypt,2016,91 min,"Comedies, International Movies",TV-14,TV-14
Movie,Madonna,United Kingdom,2011,119 min,"Dramas, Romantic Movies",R,PG-13
TV Show,Not Given,Spain,2017,1 Season,"International TV Shows, Romantic TV Shows, Spanish-Language TV Shows",TV-MA,TV-MA
Movie,Barry Gonzalez,Philippines,2018,114 min,"Comedies, International Movies, LGBTQ Movies",TV-PG,TV-MA
Movie,Keiichi Hara,Japan,2015,90 min,Anime Features,PG-13,TV-MA
Movie,Nila Madhab Panda,India,2010,87 min,"Children & Family Movies, Comedies, Dramas",TV-PG,TV-14
TV Show,Not Given,Australia,2019,1 Season,"International TV Shows, Reality TV",TV-PG,TV-14
Movie,"Denny Lu, Mike Myhre",United States,2018,44 min,Children & Family Movies,TV-Y,TV-Y
Movie,Stanley Kubrick,United Kingdom,1962,153 min,"Classic Movies, Dramas, Romantic Movies",R,R
Movie,Giulio Base,Italy,2016,88 min,"Comedies, International Movies",TV-MA,TV-MA
Movie,Patricia Rozema,Canada,2015,102 min,"Dramas, International Movies, Sci-Fi & Fantasy",R,TV-MA
Movie,Todd Standing,United States,2017,111 min,Documentaries,TV-MA,TV-MA
Movie,Marina Willer,United Kingdom,2017,80 min,"Documentaries, International Movies",TV-PG,TV-MA
TV Show,Not Given,South Korea,2018,2 Seasons,"Crime TV Shows, International TV Shows, Korean TV Shows",TV-14,TV-MA
TV Show,Not Given,Canada,2020,3 Seasons,"International TV Shows, Reality TV",TV-14,TV-MA
Movie,Jay Karas,United States,2015,64 min,Stand-Up Comedy,TV-14,TV-MA
Movie,Rako Prijanto,Indonesia,2018,102 min,"Dramas, International Movies, Romantic Movies",TV-G,TV-14
Movie,Not Given,Pakistan,2020,68 min,"Children & Family Movies, Comedies",TV-Y7,TV-Y
TV Show,Not Given,Australia,2012,1 Season,Reality TV,TV-PG,TV-PG
TV Show,Not Given,China,2010,1 Season,"International TV Shows, Romantic TV Shows, TV Comedies",TV-MA,TV-14
TV Show,Not Given,United States,2018,2 Seasons,Kids' TV,TV-Y,TV-Y7
Movie,Jason Winer,United States,2011,110 min,"Comedies, Romantic Movies",PG-13,PG-13
Movie,"Grant S. Johnson, Ippsie Jones",United States,2017,85 min,Comedies,TV-MA,TV-MA
TV Show,Not Given,Japan,2015,1 Season,"Anime Series, International TV Shows",TV-MA,TV-MA
TV Show,Not Given,United States,2021,5 Seasons,Kids' TV,TV-Y7,TV-Y7
TV Show,Not Given,Taiwan,2018,1 Season,"International TV Shows, TV Dramas",TV-MA,TV-14
TV Show,Not Given,Pakistan,2014,1 Season,"International TV Shows, TV Dramas",TV-PG,TV-PG
Movie,Nicholas Ray,United States,1955,111 min,"Classic Movies, Dramas",PG-13,R
Movie,Richard Brooks,United States,1958,108 min,"Classic Movies, Dramas",NR,TV-14
Movie,Salim Akil,United States,2011,113 min,"Comedies, Romantic Movies",PG-13,PG-13
Movie,Prashant Nair,India,2015,96 min,"Dramas, Independent Movies, International Movies",TV-MA,TV-14
Movie,Pankaj Batra,India,2013,121 min,"Comedies, International Movies, Music & Musicals",TV-PG,TV-14
Movie,J.M. Berrios,United States,2019,95 min,"Action & Adventure, Dramas",TV-MA,R
Movie,Fernando Lebrija,United States,2017,99 min,Comedies,TV-14,TV-MA
Movie,"Chatchai Katenut, Manussa Vorasingha, Tanwarin Sukkhapisit, Poj Arnon",Thailand,2010,100 min,"Horror Movies, International Movies",TV-MA,TV-MA
Movie,Michael Tiddes,United States,2013,86 min,"Comedies, Horror Movies",R,R
TV Show,Not Given,Jordan,2019,1 Season,"International TV Shows, TV Dramas, TV Mysteries",TV-MA,TV-MA
Movie,Phil Weinstein,United States,2001,75 min,Children & Family Movies,G,G
Movie,Zhang Yimou,China,2018,116 min,"Action & Adventure, Dramas, International Movies",TV-14,TV-MA
Movie,Alex Law,Hong Kong,1988,108 min,"Dramas, International Movies",TV-PG,TV-14
Movie,Linda Korsten,South Africa,2012,95 min,"Comedies, International Movies, Music & Musicals",TV-PG,TV-MA
Movie,"Tony Bancroft, Scott Christian Sava",China,2020,106 min,"Children & Family Movies, Comedies",TV-Y7,PG
TV Show,Not Given,United States,2017,2 Seasons,TV Comedies,TV-MA,TV-MA
Movie,Wenn V. Deramas,Philippines,2013,103 min,"Comedies, International Movies",TV-14,TV-14
TV Show,Eric Abrams,United States,2017,1 Season,Stand-Up Comedy & Talk Shows,TV-MA,TV-MA
Movie,Jason Reitman,United States,2011,94 min,"Comedies, Dramas, Independent Movies",R,R
Movie,Zach Clark,United States,2016,91 min,"Comedies, Dramas, Independent Movies",NR,TV-MA
TV Show,Alastair Fothergill,United Kingdom,2017,1 Season,"British TV Shows, Docuseries, Science & Nature TV",TV-G,TV-PG
TV Show,Not Given,Pakistan,2021,1 Season,Docuseries,TV-MA,TV-MA
Movie,Suhas Kadav,India,2019,84 min,Children & Family Movies,TV-Y,TV-Y7
Movie,Michael McKay,United States,2020,55 min,Stand-Up Comedy,TV-MA,TV-MA
Movie,Anurag Basu,India,2017,155 min,"Action & Adventure, Comedies, International Movies",TV-14,TV-14
Movie,McG,United States,2003,106 min,"Action & Adventure, Comedies",PG-13,PG-13
Movie,Domenico de Feudis,Italy,2020,93 min,"Horror Movies, International Movies, Thrillers",TV-MA,TV-MA
TV Show,Not Given,Nigeria,2017,2 Seasons,"International TV Shows, TV Dramas",TV-14,TV-MA
Movie,Sebastián Hofmann,Mexico,2018,96 min,"Dramas, Independent Movies, International Movies",TV-MA,TV-MA
TV Show,Not Given,Japan,2015,2 Seasons,"Anime Series, Kids' TV",TV-Y7,TV-Y7
TV Show,Not Given,United Kingdom,2021,5 Seasons,"British TV Shows, Docuseries, International TV Shows",TV-MA,TV-MA
Movie,Michael Gallagher,United States,2016,87 min,Comedies,TV-14,TV-MA
Movie,Ramesh Talwar,India,1984,170 min,"Action & Adventure, Dramas, International Movies",TV-14,TV-14
Movie,Nawapol Thamrongrattanarit,Thailand,2019,113 min,"Dramas, International Movies, Romantic Movies",TV-MA,TV-14
Movie,Philippe Falardeau,United States,2016,98 min,"Dramas, Sports Movies",R,TV-MA
Movie,Colin Trevorrow,United States,2012,86 min,"Comedies, Independent Movies, Romantic Movies",R,R
TV Show,Not Given,United States,2021,4 Seasons,"Kids' TV, TV Thrillers",TV-Y7,TV-MA
Movie,Mark Raso,United States,2021,97 min,"Dramas, Thrillers",TV-MA,R
Movie,Juan José Campanella,Argentina,2013,85 min,"Children & Family Movies, Sports Movies",PG,TV-MA
Movie,"Charles Gozali, Bagus Bramanti",Indonesia,2020,101 min,"Comedies, Dramas, International Movies",TV-14,TV-14
Movie,Kagiso Lediga,South Africa,2021,60 min,Stand-Up Comedy,TV-MA,TV-MA
Movie,Gary Andrews,United Kingdom,2020,61 min,"Children & Family Movies, Comedies",TV-Y,PG
TV Show,Not Given,United States,2014,2 Seasons,Reality TV,TV-14,TV-PG
Movie,Nicolas Brossette,France,2012,97 min,"Comedies, Dramas, International Movies",TV-14,TV-MA
Movie,Liam Lynch,United States,2017,71 min,Stand-Up Comedy,TV-MA,TV-MA
Movie,"Erik Kling, Kevin Peaty",United States,2020,46 min,"Children & Family Movies, Comedies",TV-Y7,TV-Y
Movie,Abhijeet Deshpande,India,2018,157 min,"Dramas, International Movies",TV-14,TV-14
TV Show,Not Given,Egypt,2018,1 Season,"International TV Shows, TV Dramas, TV Mysteries",TV-14,TV-MA
TV Show,Not Given,Pakistan,2018,1 Season,"Crime TV Shows, International TV Shows, TV Action & Adventure",TV-14,TV-MA
Movie,Mahesh Manjrekar,India,2010,145 min,"Dramas, International Movies",TV-MA,TV-14
TV Show,Malik Nejer,Saudi Arabia,2021,1 Season,"International TV Shows, TV Comedies",TV-MA,TV-MA
Movie,Frank Coraci,United States,2006,108 min,"Comedies, Sci-Fi & Fantasy",PG-13,PG-13
Movie,Troy Miller,United States,2021,60 min,Stand-Up Comedy,TV-G,TV-MA
TV Show,Not Given,Turkey,2013,1 Season,"Crime TV Shows, International TV Shows, TV Action & Adventure",TV-14,TV-MA
TV Show,Guy Vasilovich,Italy,2011,1 Season,"Kids' TV, TV Comedies",TV-Y,TV-Y7
Movie,Yuen Wo-Ping,China,2016,101 min,"Action & Adventure, Romantic Movies",PG-13,TV-MA
Movie,"Janet Tobias, Claus Wehlisch",Germany,2018,86 min,Documentaries,TV-14,TV-MA
TV Show,Not Given,Turkey,2015,3 Seasons,"International TV Shows, Romantic TV Shows, TV Comedies",TV-PG,TV-MA
TV Show,Not Given,United States,2012,7 Seasons,TV Comedies,TV-14,TV-14
TV Show,Not Given,United States,2015,7 Seasons,"TV Comedies, TV Dramas",TV-MA,TV-MA
TV Show,Not Given,Germany,2021,1 Season,"International TV Shows, TV Action & Adventure, TV Dramas",TV-MA,TV-MA
Movie,Duncan Skiles,United States,2018,109 min,"Dramas, Independent Movies, Thrillers",TV-MA,R
Movie,James Woodroffe,United Kingdom,2015,57 min,"Documentaries, International Movies",TV-G,TV-MA
Movie,Zoya Akhtar,India,2011,154 min,"Comedies, Dramas, International Movies",TV-14,TV-14
Movie,Shammi Kapoor,India,1974,162 min,"Comedies, International Movies, Music & Musicals",TV-14,TV-14
Movie,Richard Shepard,United States,2019,91 min,"Horror Movies, LGBTQ Movies, Music & Musicals",TV-MA,TV-MA
Movie,Jay Surridge,Canada,2015,47 min,Children & Family Movies,TV-G,TV-Y
Movie,Baljit Singh Deo,Australia,2015,146 min,"Action & Adventure, Dramas, International Movies",TV-14,TV-MA
Movie,Susannah Ward,United Kingdom,2013,55 min,Documentaries,TV-14,TV-PG
Movie,Pascale Lamche,France,2017,85 min,"Documentaries, International Movies",TV-14,TV-MA
Movie,N. Chandra,India,2008,137 min,"Dramas, Independent Movies, International Movies",TV-MA,TV-MA
Movie,Daniel J. Clark,United States,2018,96 min,Documentaries,TV-14,TV-MA
Movie,Louise Alston,Australia,2019,86 min,"Children & Family Movies, Sports Movies",TV-Y,TV-MA
Movie,John Stockwell,United States,2016,90 min,Action & Adventure,TV-MA,TV-MA
TV Show,Not Given,Pakistan,2008,1 Season,"Crime TV Shows, Docuseries",TV-MA,TV-MA
Movie,Roland Emmerich,United States,2009,158 min,"Action & Adventure, Sci-Fi & Fantasy",PG-13,PG-13
TV Show,Not Given,Pakistan,2019,1 Season,"British TV Shows, Reality TV, Romantic TV Shows",TV-MA,TV-MA
Movie,Youssef Chahine,Egypt,1976,124 min,"Dramas, International Movies",TV-MA,TV-14
TV Show,Ahmet Katıksız,Turkey,2014,1 Season,"Crime TV Shows, International TV Shows, TV Dramas",TV-MA,TV-MA
TV Show,Not Given,Taiwan,2019,1 Season,"International TV Shows, TV Dramas, Teen TV Shows",TV-MA,TV-MA
Movie,Nadine Ibrahim,Nigeria,2021,21 min,"Documentaries, International Movies",TV-PG,TV-MA
Movie,Colin Trevorrow,United States,2017,105 min,Dramas,PG-13,TV-MA
TV Show,Not Given,United States,2019,2 Seasons,"TV Dramas, TV Sci-Fi & Fantasy, Teen TV Shows",TV-14,TV-MA
TV Show,Not Given,United States,2021,5 Seasons,"Kids' TV, TV Comedies",TV-G,TV-Y7
Movie,Simon Stone,United Kingdom,2021,113 min,"Dramas, International Movies",PG-13,TV-MA
Movie,Steven Yamamoto,United States,2021,59 min,"Action & Adventure, Anime Features, Children & Family Movies",TV-PG,TV-MA
TV Show,Not Given,South Korea,2016,1 Season,"International TV Shows, Korean TV Shows, TV Dramas",TV-14,TV-14
Movie,Chris Perkel,United States,2017,124 min,"Documentaries, Music & Musicals",TV-MA,TV-MA
TV Show,Not Given,United States,2015,1 Season,TV Comedies,TV-MA,TV-MA
Movie,Michael Drumm,United States,2011,81 min,Stand-Up Comedy,TV-MA,TV-MA
Movie,Jay Karas,United States,2015,62 min,Stand-Up Comedy,TV-MA,TV-MA
Movie,Numa Perrier,United States,2019,86 min,"Dramas, Independent Movies",TV-MA,TV-MA
TV Show,Not Given,United Kingdom,2019,1 Season,"British TV Shows, International TV Shows, Reality TV",TV-PG,TV-PG
Movie,Ron Myrick,United States,2011,33 min,Movies,TV-Y,TV-Y
Movie,Avinash Walzade,India,2020,75 min,"Children & Family Movies, Comedies",TV-Y7,PG
Movie,Antonio Campos,United Kingdom,2016,119 min,"Dramas, Independent Movies",R,R
Movie,Dino Risi,Italy,1955,93 min,"Classic Movies, Comedies, Independent Movies",TV-PG,TV-MA
Movie,Kim Jee-woon,South Korea,2018,140 min,"Action & Adventure, International Movies, Sci-Fi & Fantasy",TV-MA,TV-MA
Movie,Abel Ferrara,United States,2014,108 min,"Dramas, Independent Movies",R,R
TV Show,Not Given,United States,2019,1 Season,"Crime TV Shows, Docuseries",TV-MA,TV-MA
Movie,Peyton Reed,United States,2006,107 min,"Comedies, Dramas, Romantic Movies",PG-13,PG-13
Movie,Gerry Hoban,Ireland,2018,53 min,"Documentaries, Faith & Spirituality",TV-14,TV-MA
Movie,"Hideaki Anno, Kazuya Tsurumaki",Japan,1997,87 min,"Action & Adventure, Anime Features, International Movies",TV-MA,TV-PG
Movie,Gary Wheeler,United States,2015,88 min,"Children & Family Movies, Dramas, Romantic Movies",TV-G,TV-PG
Movie,Kranthi Madhav,India,2020,147 min,"Dramas, International Movies, Romantic Movies",TV-MA,TV-14
TV Show,Not Given,United States,2020,1 Season,Anime Series,TV-Y7,TV-MA
TV Show,Takuya Igarashi,Japan,2006,1 Season,"Anime Series, Romantic TV Shows, Teen TV Shows",TV-PG,TV-14
Movie,"Aitor Arregi, Jon Garaño",Spain,2017,115 min,"Dramas, International Movies",TV-14,TV-MA
TV Show,Not Given,Pakistan,2012,1 Season,"International TV Shows, TV Dramas",TV-MA,TV-14
Movie,"Fabien Beziat, Hugues Nancy",France,2014,93 min,"Documentaries, International Movies",TV-14,TV-14
TV Show,Not Given,United Kingdom,2019,2 Seasons,"British TV Shows, International TV Shows, Reality TV",TV-MA,TV-PG
Movie,"Raúl Campos, Jan Suter",Argentina,2018,66 min,Stand-Up Comedy,TV-14,TV-MA
TV Show,Sivaroj Kongsakul,Thailand,2020,1 Season,"Crime TV Shows, International TV Shows, TV Dramas",TV-MA,TV-MA
Movie,Toshiya Shinohara,Japan,2004,88 min,"Action & Adventure, Anime Features, International Movies",TV-PG,TV-PG
Movie,Bryn Evans,New Zealand,2018,89 min,"Documentaries, Sports Movies",R,TV-MA
Movie,Grant Heslov,United States,2009,94 min,Comedies,R,R
Movie,Jon M. Chu,United States,2015,119 min,"Children & Family Movies, Dramas, Music & Musicals",PG,R
Movie,Andrew Sandler,United States,2017,80 min,"Documentaries, Music & Musicals",TV-MA,TV-MA
Movie,Jonathan Glazer,Switzerland,2013,108 min,"Dramas, Independent Movies, International Movies",R,TV-MA
TV Show,Chang-Min Lee,South Korea,2017,1 Season,"Crime TV Shows, International TV Shows, Korean TV Shows",TV-14,TV-MA
Movie,Hugo Stuven,Spain,2018,91 min,"Dramas, Independent Movies, International Movies",TV-MA,TV-MA
TV Show,Not Given,Japan,2021,2 Seasons,"International TV Shows, TV Dramas",TV-MA,TV-MA
TV Show,Not Given,Japan,2014,1 Season,"Anime Series, Crime TV Shows, International TV Shows",TV-14,TV-14
TV Show,Not Given,United States,2010,1 Season,"Romantic TV Shows, Spanish-Language TV Shows, TV Dramas",TV-14,TV-14
Movie,Malik Bendjelloul,Sweden,2012,86 min,"Documentaries, International Movies, Music & Musicals",PG-13,TV-MA
Movie,Matt D'Elia,United States,2020,55 min,Stand-Up Comedy,TV-MA,TV-MA
Movie,Christian Gudegast,United States,2018,140 min,Action & Adventure,R,R
Movie,Walter C. Miller,United States,2016,29 min,Documentaries,TV-MA,TV-MA
Movie,Rajeev Chaudhari,India,2016,115 min,"Dramas, International Movies, Romantic Movies",TV-MA,TV-14
TV Show,Not Given,India,2014,1 Season,"Docuseries, International TV Shows",TV-G,TV-PG
Movie,Anna Wieczur-Bluszcz,Poland,2020,118 min,"Comedies, Dramas, International Movies",TV-MA,TV-MA
Movie,Tope Oshin,Nigeria,2018,107 min,"Dramas, International Movies",TV-14,TV-14
TV Show,Not Given,South Korea,2011,1 Season,"International TV Shows, Korean TV Shows, TV Dramas",TV-MA,TV-14
Movie,Axelle Laffont,France,2018,102 min,"Comedies, International Movies, Romantic Movies",TV-MA,TV-MA
Movie,Katherine Fairfax Wright,United States,2017,100 min,"Documentaries, LGBTQ Movies, Music & Musicals",TV-MA,TV-MA
TV Show,Not Given,Pakistan,2012,1 Season,Kids' TV,TV-Y,TV-Y7
Movie,Michael Apted,United Kingdom,1999,128 min,Action & Adventure,PG-13,PG-13
Movie,Orlando von Einsiedel,United Kingdom,2014,100 min,"Documentaries, International Movies",TV-MA,TV-MA
Movie,Hadi El Bagoury,Egypt,2014,73 min,"Horror Movies, Independent Movies, International Movies",TV-14,TV-14
Movie,Lina Al Abed,Lebanon,2019,75 min,"Documentaries, International Movies",TV-PG,TV-MA
Movie,Shigeaki Kubo,Japan,2016,129 min,"Action & Adventure, International Movies",TV-MA,TV-MA
TV Show,Not Given,United States,2020,2 Seasons,"Crime TV Shows, Docuseries",TV-MA,TV-14
Movie,Not Given,United States,2018,78 min,"Documentaries, Music & Musicals",TV-MA,TV-MA
TV Show,Not Given,Pakistan,2004,2 Seasons,"International TV Shows, TV Comedies",TV-14,TV-MA
TV Show,Not Given,United States,2020,2 Seasons,"International TV Shows, TV Dramas, TV Horror",TV-MA,TV-MA
TV Show,Noam Murro,United Kingdom,2018,1 Season,"British TV Shows, International TV Shows, TV Action & Adventure",TV-PG,TV-MA
TV Show,Not Given,Pakistan,2016,1 Season,"International TV Shows, TV Dramas",TV-PG,TV-14
Movie,Tinu Pappachan,Not Given,2018,135 min,"Dramas, Independent Movies, International Movies",TV-MA,TV-MA
Movie,Harry Baweja,India,2014,126 min,"Dramas, Faith & Spirituality, International Movies",TV-PG,TV-14
TV Show,Not Given,United States,2016,1 Season,"International TV Shows, Reality TV, Spanish-Language TV Shows",TV-PG,TV-MA
Movie,Frank Rajah Arase,Nigeria,2018,99 min,"Dramas, International Movies",TV-MA,TV-MA
Movie,Tom Elkins,United States,2013,101 min,Horror Movies,R,R
Movie,Mike Gunther,United States,2020,104 min,Action & Adventure,R,R
Movie,Josh Webber,United States,2018,89 min,"Dramas, Faith & Spirituality",TV-PG,TV-PG
Movie,Dhanush,India,2017,124 min,"Dramas, Independent Movies, International Movies",TV-MA,TV-14
Movie,Noriyuki Abe,Japan,2010,94 min,"Action & Adventure, Anime Features, Sci-Fi & Fantasy",TV-14,TV-PG
Movie,Devin Chanda,United States,2017,52 min,Music & Musicals,TV-MA,TV-MA
Movie,Les Mayfield,United States,2007,91 min,"Action & Adventure, Comedies",PG-13,PG-13
Movie,Jun Lana,Philippines,2018,104 min,"International Movies, Romantic Movies",TV-MA,TV-14
TV Show,Not Given,United Kingdom,2017,1 Season,"British TV Shows, Kids' TV",TV-Y,TV-Y
Movie,Einar Gabbassov,United States,2016,67 min,Children & Family Movies,TV-Y7,TV-Y
Movie,Hiromasa Yonebayashi,Japan,2017,103 min,"Anime Features, Children & Family Movies",PG,TV-Y7
Movie,Chris Sparling,United States,2016,88 min,"Dramas, Thrillers",TV-MA,TV-MA
TV Show,Not Given,India,2016,1 Season,"Docuseries, International TV Shows",TV-G,TV-MA
Movie,Niyi Akinmolayan,Nigeria,2016,101 min,"Dramas, International Movies",TV-MA,TV-MA
Movie,Matt Thompson,United States,2021,98 min,"Action & Adventure, Comedies",TV-MA,PG-13
Movie,Alan Rickman,United Kingdom,2014,113 min,"Dramas, Independent Movies, International Movies",R,TV-MA
Movie,Michelle Esrick,United States,2018,97 min,Documentaries,TV-MA,TV-MA
Movie,Prakash Mehra,India,1976,156 min,"Action & Adventure, Comedies, Dramas",TV-14,TV-14
TV Show,Not Given,United States,2016,1 Season,Kids' TV,TV-Y7,TV-Y7
Movie,John Hillcoat,United States,2012,116 min,Dramas,R,PG-13
Movie,Chris Appelhans,China,2021,102 min,"Children & Family Movies, Comedies",PG,PG
Movie,"Stig Bergqvist, Paul Demeyer",Germany,2000,79 min,"Children & Family Movies, Comedies",G,PG
Movie,Ed Lilly,United Kingdom,2018,99 min,Dramas,TV-MA,TV-MA
TV Show,Jerry Seinfeld,United States,2019,6 Seasons,"Stand-Up Comedy & Talk Shows, TV Comedies",TV-14,TV-MA
TV Show,Not Given,Japan,2008,1 Season,"Anime Series, International TV Shows",TV-14,TV-MA
Movie,Mike Clattenburg,Canada,2008,47 min,"Comedies, Cult Movies",TV-MA,R
Movie,Mikhail Red,Philippines,2019,94 min,"Dramas, International Movies, Thrillers",TV-MA,TV-MA
Movie,Mae Czarina Cruz,Philippines,2017,120 min,"Comedies, Dramas, International Movies",TV-14,TV-MA
Movie,Gary Stretch,Canada,2019,104 min,"Documentaries, Sports Movies",R,TV-MA
TV Show,Not Given,Ireland,2016,3 Seasons,"TV Dramas, TV Horror, TV Mysteries",TV-MA,TV-MA
TV Show,Not Given,United Kingdom,2017,1 Season,"British TV Shows, Crime TV Shows, Docuseries",TV-MA,TV-14
Movie,Bejoy Nambiar,India,2016,98 min,"Dramas, International Movies, Thrillers",TV-14,TV-14
TV Show,Not Given,Pakistan,2021,1 Season,"Docuseries, International TV Shows",TV-PG,TV-MA
Movie,Ranjit Tiwari,India,2017,144 min,"Dramas, International Movies, Music & Musicals",TV-14,TV-14
TV Show,Not Given,Pakistan,2019,1 Season,"International TV Shows, TV Dramas",TV-14,TV-14
TV Show,Not Given,United Kingdom,2017,1 Season,"British TV Shows, International TV Shows, Reality TV",TV-14,TV-PG
Movie,Samir Soni,India,2018,92 min,"Dramas, International Movies, Thrillers",TV-14,TV-14
Movie,"John Stevenson, Mark Osborne",United States,2008,94 min,"Children & Family Movies, Comedies",PG,PG
TV Show,Not Given,United Kingdom,2017,1 Season,"British TV Shows, Kids' TV, TV Comedies",TV-Y,TV-Y7
Movie,Castille Landon,United States,2016,106 min,Children & Family Movies,TV-PG,TV-Y
TV Show,Not Given,Germany,2015,2 Seasons,Kids' TV,TV-Y7,TV-Y
Movie,Ivan Sen,Australia,2016,110 min,Thrillers,R,TV-MA
Movie,"Abbas Alibhai Burmawalla, Mastan Alibhai Burmawalla",India,2012,162 min,"Action & Adventure, International Movies",TV-14,TV-14
TV Show,Not Given,Japan,2018,1 Season,"Anime Series, International TV Shows, Romantic TV Shows",TV-14,TV-PG
TV Show,Not Given,Pakistan,2018,1 Season,"Kids' TV, TV Comedies",TV-Y7,TV-Y7
TV Show,Not Given,Australia,2016,1 Season,"Docuseries, International TV Shows, Reality TV",TV-MA,TV-14
Movie,Jeethu Joseph,India,2019,148 min,"International Movies, Thrillers",TV-14,TV-14
Movie,Raúl Arévalo,Spain,2016,92 min,"International Movies, Thrillers",TV-MA,TV-MA
TV Show,Bunmi Ajakaiye,South Africa,2020,1 Season,"International TV Shows, Romantic TV Shows, TV Comedies",TV-MA,TV-MA
Movie,Sriram Raghavan,India,2004,134 min,"Dramas, International Movies, Thrillers",TV-MA,TV-14
Movie,Taron Lexton,United States,2017,103 min,"Action & Adventure, Dramas",R,R
Movie,Not Given,Pakistan,2005,55 min,"Documentaries, Sports Movies",TV-14,TV-MA
Movie,Amitabha Singh,India,2016,101 min,"Action & Adventure, Comedies, Dramas",TV-PG,TV-14
Movie,Chris Koch,United States,2000,89 min,"Children & Family Movies, Comedies",PG,PG
TV Show,Not Given,United Kingdom,2017,1 Season,"British TV Shows, Crime TV Shows, Docuseries",TV-14,TV-14
Movie,"Abbas Alibhai Burmawalla, Mastan Alibhai Burmawalla",India,2013,139 min,"Action & Adventure, International Movies, Music & Musicals",TV-14,TV-14
TV Show,Not Given,United States,2021,4 Seasons,"TV Comedies, TV Dramas, Teen TV Shows",TV-14,TV-MA
TV Show,"Julia Willoughby Nason, Jenner Furst",United States,2020,1 Season,"Crime TV Shows, Docuseries",TV-MA,TV-MA
Movie,Marie Madinier,France,2016,81 min,"Dramas, International Movies, Romantic Movies",TV-14,TV-MA
Movie,Jeferson De,Not Given,2019,84 min,"Dramas, International Movies",TV-MA,TV-MA
Movie,Rajkumar Santoshi,India,2000,165 min,"Action & Adventure, Dramas, International Movies",TV-14,TV-14
TV Show,Not Given,Austria,2020,1 Season,"Crime TV Shows, International TV Shows, TV Dramas",TV-MA,TV-MA
TV Show,Not Given,Pakistan,2021,1 Season,"TV Action & Adventure, TV Sci-Fi & Fantasy",TV-PG,TV-MA
Movie,Rocky Soraya,Indonesia,2016,106 min,"Horror Movies, International Movies",TV-MA,TV-MA
Movie,K. Gopinathan,India,2017,116 min,"Dramas, International Movies",TV-PG,TV-14
Movie,Simon Curtis,United Kingdom,2011,99 min,"Dramas, Romantic Movies",R,PG-13
TV Show,Hong Won-ki,South Korea,2020,1 Season,"International TV Shows, TV Horror, TV Mysteries",TV-MA,TV-MA
Movie,Mickey Liddell,United States,2008,85 min,"Horror Movies, Thrillers",PG-13,R
Movie,Joe Camp,United States,2004,100 min,"Children & Family Movies, Dramas",PG,PG
Movie,Matías Bize,Chile,2015,88 min,"Dramas, International Movies",TV-MA,TV-MA
TV Show,Not Given,United States,2018,1 Season,TV Comedies,TV-MA,TV-MA
TV Show,Not Given,United States,2021,1 Season,Reality TV,TV-14,TV-PG
TV Show,Not Given,United States,2018,1 Season,Docuseries,TV-MA,TV-MA
Movie,Steven C. Miller,United States,2015,82 min,Action & Adventure,R,R
TV Show,Not Given,South Korea,2014,1 Season,"Crime TV Shows, International TV Shows, Korean TV Shows",TV-MA,TV-14
Movie,Robert Rodriguez,United States,2001,88 min,"Children & Family Movies, Comedies",PG,PG
TV Show,Not Given,United States,2017,4 Seasons,"Kids' TV, TV Comedies",TV-G,TV-Y7
Movie,Abir Sengupta,India,2020,115 min,"Action & Adventure, Comedies, International Movies",TV-14,TV-14
Movie,Anees Bazmee,India,2002,156 min,"International Movies, Thrillers",TV-MA,TV-14
TV Show,Not Given,France,2020,2 Seasons,"International TV Shows, TV Comedies, TV Dramas",TV-MA,TV-MA
Movie,Troy Miller,United States,2003,85 min,Comedies,PG-13,PG-13
TV Show,Not Given,Canada,2016,1 Season,TV Comedies,TV-MA,TV-MA
TV Show,Not Given,United Kingdom,2021,1 Season,"British TV Shows, Crime TV Shows, International TV Shows",TV-14,TV-MA
TV Show,Not Given,United States,2008,1 Season,"Kids' TV, TV Action & Adventure, TV Comedies",TV-PG,TV-14
Movie,Jonathan Demme,United States,1993,126 min,"Classic Movies, Dramas, LGBTQ Movies",PG-13,R
TV Show,Not Given,South Korea,2017,1 Season,"International TV Shows, Korean TV Shows, Romantic TV Shows",TV-14,TV-MA
Movie,Han Kwang Il,Not Given,2021,84 min,"Action & Adventure, Anime Features",TV-MA,TV-MA
Movie,Maryo J. De los Reyes,Philippines,2016,130 min,"Dramas, International Movies, Romantic Movies",TV-MA,TV-MA
Movie,Yin Chen-hao,Not Given,2021,115 min,"Dramas, International Movies, Romantic Movies",TV-MA,TV-14
Movie,Hao Wu,United States,2019,40 min,"Documentaries, LGBTQ Movies",TV-14,TV-MA
TV Show,Not Given,United Kingdom,2012,2 Seasons,"British TV Shows, Docuseries",TV-MA,TV-MA
Movie,Not Given,Canada,2020,25 min,Children & Family Movies,TV-Y,TV-Y
TV Show,Not Given,Colombia,2015,1 Season,"International TV Shows, Spanish-Language TV Shows, TV Dramas",TV-14,TV-MA
TV Show,Not Given,Malaysia,2015,1 Season,"International TV Shows, TV Dramas",TV-14,TV-14
TV Show,Juliana Vicente,Brazil,2017,1 Season,"Docuseries, International TV Shows",TV-PG,TV-MA
Movie,Vivieno Caldinelli,Canada,2016,91 min,"Children & Family Movies, Comedies",TV-PG,TV-PG
Movie,Indrajit Nattoji,India,2009,117 min,"Comedies, International Movies, Music & Musicals",TV-14,TV-14
TV Show,Not Given,United States,2020,1 Season,"Romantic TV Shows, TV Dramas",TV-14,TV-MA
TV Show,Not Given,United States,2018,2 Seasons,Kids' TV,TV-Y7,TV-Y7
TV Show,Not Given,United States,2021,1 Season,"Docuseries, International TV Shows",TV-MA,TV-MA
Movie,Kasper Barfoed,Denmark,2015,94 min,"Dramas, International Movies, Sports Movies",TV-MA,TV-MA
Movie,Don Michael Paul,Israel,2019,103 min,"Action & Adventure, Dramas",R,R
TV Show,Not Given,United Kingdom,2016,1 Season,"Crime TV Shows, Docuseries",TV-MA,TV-MA
Movie,Johan Brisinger,Sweden,2016,91 min,"Comedies, Dramas, International Movies",TV-MA,TV-MA
Movie,Davis Guggenheim,United States,2010,111 min,Documentaries,PG,PG-13
Movie,Cosima Spender,United Kingdom,2015,91 min,"Documentaries, International Movies, Sports Movies",TV-14,TV-MA
TV Show,Not Given,India,2020,1 Season,"International TV Shows, Romantic TV Shows, TV Comedies",TV-MA,TV-MA
Movie,Ben Younger,United States,2016,120 min,"Dramas, Sports Movies",R,PG-13
Movie,Thiru,India,2014,147 min,"Action & Adventure, Dramas, International Movies",TV-14,TV-14
Movie,Tanveer Khan,India,2006,97 min,"Independent Movies, International Movies, Thrillers",TV-14,TV-14
Movie,Jo Sung-hee,South Korea,2021,138 min,"Action & Adventure, Dramas, International Movies",TV-MA,TV-MA
Movie,Hani Hamdi,Egypt,2017,84 min,"Comedies, International Movies, Music & Musicals",TV-14,TV-14
Movie,Camilla Nielsson,Denmark,2014,99 min,"Documentaries, International Movies",NR,TV-MA
TV Show,Not Given,Pakistan,2020,1 Season,"Docuseries, Spanish-Language TV Shows",TV-PG,TV-MA
TV Show,Not Given,Pakistan,2019,1 Season,Kids' TV,TV-Y,TV-Y
TV Show,Not Given,United Kingdom,2016,1 Season,"British TV Shows, International TV Shows, Reality TV",TV-14,TV-PG
Movie,Scott Stewart,United States,2013,97 min,"Horror Movies, Sci-Fi & Fantasy",PG-13,R
Movie,Vishal Bhardwaj,India,2005,90 min,"Children & Family Movies, Dramas, Independent Movies",TV-PG,TV-14
Movie,Dash Shaw,United States,2016,77 min,"Comedies, Independent Movies",PG-13,TV-MA
TV Show,Not Given,United States,2020,3 Seasons,"Crime TV Shows, TV Comedies, TV Dramas",TV-MA,TV-MA
TV Show,Not Given,South Korea,2018,1 Season,"International TV Shows, TV Horror, TV Mysteries",TV-14,TV-MA
TV Show,Quentin Tarantino,United States,2015,1 Season,TV Shows,R,TV-MA
Movie,Chris Smith,United States,2021,100 min,Documentaries,R,TV-14
TV Show,Not Given,Pakistan,2021,1 Season,"International TV Shows, TV Comedies, TV Dramas",TV-MA,TV-14
TV Show,Not Given,United Kingdom,2021,3 Seasons,Docuseries,TV-MA,TV-MA
Movie,"Hanns-Bruno Kammertöns, Vanessa Nöcker, Michael Wech",Not Given,2021,113 min,"Documentaries, International Movies, Sports Movies",TV-14,TV-14
Movie,Woo Min-ho,South Korea,2018,139 min,"Dramas, International Movies, Thrillers",TV-MA,TV-MA
Movie,Gabriele Muccino,United States,2008,123 min,"Dramas, Romantic Movies",PG-13,PG-13
Movie,Chia-Liang Liu,Hong Kong,1986,90 min,"Action & Adventure, International Movies",R,TV-14
Movie,Michael Simon,United States,2018,58 min,Stand-Up Comedy,TV-14,TV-MA
Movie,Peter Segal,United States,2003,105 min,Comedies,PG-13,PG-13
Movie,Tekin Girgin,United States,2017,90 min,Action & Adventure,TV-MA,R
TV Show,Not Given,Pakistan,2014,1 Season,"International TV Shows, Romantic TV Shows, TV Dramas",TV-14,TV-14
Movie,Kunle Afolayan,Nigeria,2020,151 min,"Dramas, International Movies",TV-MA,TV-14
Movie,Geun-hyun Cho,South Korea,2012,135 min,"Dramas, International Movies, Thrillers",TV-MA,TV-MA
Movie,Rajiv Chilaka,India,2018,68 min,Children & Family Movies,TV-Y,TV-Y7
Movie,Not Given,Pakistan,2021,273 min,Documentaries,TV-G,TV-MA
Movie,Sergio Barrejón,Spain,2018,90 min,"Comedies, Dramas, International Movies",TV-MA,TV-MA
TV Show,Not Given,United States,2005,8 Seasons,TV Comedies,TV-14,TV-14
Movie,Kedar Shinde,India,2010,137 min,"Comedies, Dramas, International Movies",TV-14,TV-PG
Movie,Arun Vaidyanathan,India,2017,124 min,"Action & Adventure, Dramas, International Movies",TV-14,TV-14
Movie,Mayye Zayed,Egypt,2021,93 min,"Documentaries, International Movies, Sports Movies",TV-PG,TV-14
TV Show,Not Given,Mexico,2020,2 Seasons,"Crime TV Shows, International TV Shows, Spanish-Language TV Shows",TV-MA,TV-MA
Movie,Betty Thomas,United States,2000,104 min,"Comedies, Dramas",PG-13,R
Movie,Daniel Benmayor,Spain,2021,112 min,"Action & Adventure, International Movies",TV-MA,TV-MA
TV Show,Not Given,United States,2019,1 Season,"British TV Shows, International TV Shows, TV Action & Adventure",TV-MA,TV-MA
TV Show,Not Given,United States,2007,4 Seasons,"TV Dramas, TV Mysteries, TV Sci-Fi & Fantasy",TV-14,TV-14
Movie,Philipp Eichholtz,Germany,2016,70 min,"Dramas, Independent Movies, International Movies",TV-MA,TV-MA
TV Show,"Oscar Micheaux, Spencer Williams, Richard E. Norman, Richard Maurice",United States,1946,1 Season,TV Shows,TV-14,TV-MA
Movie,Peter Orton,United Kingdom,2018,66 min,Stand-Up Comedy,TV-MA,TV-MA
TV Show,Not Given,United Kingdom,2019,1 Season,"TV Action & Adventure, TV Dramas, TV Sci-Fi & Fantasy",TV-PG,TV-MA
Movie,Jacek Koprowicz,Poland,1985,90 min,"Horror Movies, International Movies, Thrillers",TV-MA,TV-MA
Movie,Fernando Ayllón,Colombia,2019,59 min,Stand-Up Comedy,TV-MA,TV-MA
Movie,David Paul Meyer,United States,2018,64 min,Stand-Up Comedy,TV-MA,TV-MA
TV Show,Not Given,Belgium,2017,1 Season,"Crime TV Shows, International TV Shows, TV Dramas",TV-MA,TV-MA
Movie,Alain Darborg,Sweden,2021,86 min,"International Movies, Thrillers",TV-MA,TV-MA
TV Show,Not Given,Taiwan,2014,1 Season,"International TV Shows, Romantic TV Shows, TV Comedies",TV-14,TV-14
Movie,Shaun Paul Piccinino,United States,2020,90 min,"Children & Family Movies, Dramas, Romantic Movies",PG,TV-PG
Movie,Reema Kagti,India,2012,140 min,"Dramas, International Movies, Thrillers",TV-14,TV-14
TV Show,Not Given,United States,2019,2 Seasons,"Crime TV Shows, Docuseries",TV-MA,TV-14
TV Show,Not Given,Pakistan,2018,1 Season,"Reality TV, Science & Nature TV, TV Action & Adventure",TV-MA,TV-MA
Movie,Shigeaki Kubo,Japan,2019,125 min,"Action & Adventure, International Movies",TV-MA,TV-MA
Movie,Tarun Mansukhani,India,2008,142 min,"Comedies, Dramas, International Movies",TV-14,TV-14
Movie,Mohit Suri,India,2017,129 min,"Dramas, International Movies, Romantic Movies",TV-14,TV-14
Movie,Richard Curtis,United Kingdom,2013,123 min,"Comedies, Dramas, International Movies",R,PG-13
Movie,Jennifer Yuh Nelson,United States,2011,93 min,"Children & Family Movies, Comedies",PG,PG
TV Show,Not Given,United Kingdom,2020,2 Seasons,"British TV Shows, Docuseries, International TV Shows",TV-MA,TV-MA
TV Show,Not Given,India,2018,1 Season,"International TV Shows, TV Horror, TV Mysteries",TV-14,TV-MA
Movie,Soudade Kaadan,Lebanon,2019,13 min,"Comedies, Dramas, Independent Movies",TV-PG,TV-MA
Movie,David Zucker,United States,1991,85 min,Comedies,PG-13,PG-13
Movie,"Mike Smith, John Paul Tremblay, Robb Wells",Canada,2014,89 min,Movies,TV-MA,TV-MA
Movie,Francis Ford Coppola,United States,1997,136 min,"Dramas, Thrillers",PG-13,R
Movie,Rodrigo Van Der Put,Brazil,2019,46 min,"Comedies, International Movies",TV-MA,TV-MA
Movie,"Frank Capra, John Huston, Hugh Stewart, Roy Boulting, Anthony Veiller",United States,1944,76 min,"Classic Movies, Documentaries",TV-14,TV-14
Movie,Bryan Bertino,United States,2016,91 min,"Horror Movies, Independent Movies",R,TV-MA
Movie,Tinge Krishnan,Not Given,2018,100 min,"Dramas, International Movies, Music & Musicals",TV-MA,TV-MA
TV Show,Not Given,United States,2006,7 Seasons,"Romantic TV Shows, TV Comedies, TV Dramas",TV-14,TV-14
Movie,Vincent Ward,United States,1998,114 min,"Dramas, Romantic Movies, Sci-Fi & Fantasy",PG-13,PG-13
Movie,"Rajiv Chilaka, Owll Mina",Not Given,2014,63 min,Children & Family Movies,TV-Y7,TV-Y7
Movie,"Santiago Diaz, Pablo Martin Farina",Not Given,2017,69 min,"Documentaries, International Movies",TV-MA,TV-MA
TV Show,Alejandro Lozano,Colombia,2016,1 Season,"Crime TV Shows, International TV Shows, Spanish-Language TV Shows",TV-14,TV-MA
Movie,Guy Ritchie,United Kingdom,1998,108 min,"Action & Adventure, Comedies, Independent Movies",R,R
Movie,Manny Rodriguez,United States,2006,69 min,Stand-Up Comedy,TV-MA,TV-MA
TV Show,Not Given,Pakistan,2018,1 Season,Docuseries,TV-PG,TV-MA
Movie,Ahmed Nader Galal,Egypt,2007,114 min,"Comedies, International Movies, Romantic Movies",TV-MA,TV-14
Movie,Justin G. Dyck,Canada,2018,91 min,"International Movies, Romantic Movies",TV-PG,TV-G
TV Show,Not Given,Japan,2018,2 Seasons,"Anime Series, International TV Shows",TV-MA,TV-MA
Movie,Banjong Pisanthanakun,Thailand,2016,135 min,"Dramas, International Movies, Romantic Movies",TV-PG,TV-14
Movie,"Coodie, Chike",United States,2019,89 min,"Documentaries, Sports Movies",TV-MA,TV-MA
TV Show,Not Given,Canada,2016,5 Seasons,"Crime TV Shows, TV Action & Adventure",TV-14,TV-14
Movie,Dominic Sena,United States,2001,99 min,Action & Adventure,R,R
TV Show,Not Given,Saudi Arabia,2017,1 Season,"International TV Shows, TV Dramas",TV-14,TV-14
Movie,Jesús Magaña Vázquez,Mexico,2016,83 min,"Comedies, Dramas, International Movies",TV-MA,TV-MA
Movie,Farhad Safinia,Ireland,2019,125 min,"Dramas, Independent Movies",TV-14,R
Movie,David M. Rosenthal,United States,2019,90 min,Thrillers,R,TV-14
Movie,Esteban Vidal,Chile,2015,91 min,"Comedies, International Movies",TV-MA,TV-14
Movie,Prakash Satam,Not Given,2021,47 min,"Children & Family Movies, Comedies",TV-Y7,TV-Y7
Movie,Hari Viswanath,India,2015,83 min,"Dramas, International Movies",TV-PG,TV-14
Movie,Leena Yadav,India,2010,137 min,"Dramas, International Movies, Thrillers",TV-PG,TV-14
Movie,David Dobkin,United States,2007,115 min,"Children & Family Movies, Comedies",PG,PG
Movie,Ivan Silvestrini,United States,2020,97 min,"Action & Adventure, Sci-Fi & Fantasy",PG-13,PG-13
TV Show,Not Given,United States,2020,1 Season,"Reality TV, Romantic TV Shows",TV-14,TV-14
Movie,Hakan Yonat,Turkey,2014,105 min,"Dramas, International Movies, Romantic Movies",TV-MA,TV-MA
Movie,Sunil Thakur,India,2018,135 min,"Comedies, International Movies",TV-14,TV-14
TV Show,Not Given,Japan,2015,1 Season,"Anime Series, Crime TV Shows, TV Thrillers",TV-14,TV-14
Movie,Sherif Mandour,Egypt,2011,83 min,"International Movies, Thrillers",TV-14,TV-14
Movie,"Mark A.Z. Dippé, Eondeok Han",United States,2008,79 min,"Children & Family Movies, Comedies",TV-Y7,PG
TV Show,Not Given,United Kingdom,2016,1 Season,"British TV Shows, Docuseries, Reality TV",TV-PG,TV-MA
Movie,Sydney Sibilia,Italy,2020,119 min,"Comedies, Dramas, International Movies",TV-14,TV-MA
TV Show,Not Given,India,2012,1 Season,"International TV Shows, TV Dramas",TV-14,TV-14
Movie,"Radhika Rao, Vinay Sapru",India,2005,131 min,"Dramas, International Movies, Romantic Movies",TV-14,TV-14
Movie,Svetlana Cvetko,United States,2019,86 min,"Independent Movies, Thrillers",TV-PG,TV-MA
Movie,Mike Binder,United States,2014,121 min,Dramas,PG-13,R
TV Show,Not Given,United States,2020,1 Season,"Crime TV Shows, Docuseries",TV-MA,TV-MA
TV Show,Not Given,South Korea,2017,1 Season,"Kids' TV, Korean TV Shows",TV-Y7,TV-Y7
Movie,Adrian Murray,Canada,2017,74 min,"Dramas, Independent Movies",TV-MA,TV-MA
Movie,Pedro Antonio,Brazil,2021,95 min,"Comedies, International Movies",TV-MA,TV-MA
Movie,Kevin Smith,United States,2014,102 min,Horror Movies,R,R
TV Show,Not Given,United States,2014,4 Seasons,"TV Comedies, TV Dramas",TV-PG,TV-MA
Movie,Martín Sastre,Uruguay,2020,72 min,"Documentaries, International Movies, Music & Musicals",TV-PG,TV-MA
Movie,Don Michael Paul,United States,2013,101 min,"Action & Adventure, Dramas",R,R
TV Show,Not Given,United States,2018,2 Seasons,"Romantic TV Shows, TV Comedies, TV Dramas",TV-MA,TV-MA
Movie,"Leung Lok Man, Luk Kim-ching",Hong Kong,2015,118 min,"Action & Adventure, International Movies",TV-14,TV-MA
Movie,Andrew Dominik,United States,2012,97 min,Dramas,R,PG-13
TV Show,Not Given,Australia,2018,1 Season,"International TV Shows, TV Comedies, TV Dramas",TV-MA,TV-MA
Movie,Jeffrey Walker,Germany,2017,100 min,"Dramas, International Movies",TV-PG,TV-MA
TV Show,Not Given,Japan,2015,3 Seasons,"Anime Series, International TV Shows, Teen TV Shows",TV-MA,TV-14
TV Show,Not Given,Canada,2014,6 Seasons,"Crime TV Shows, TV Comedies, TV Dramas",TV-14,TV-MA
Movie,"Andrew Lau Wai-Keung, Andrew Loo",Hong Kong,2014,95 min,"Action & Adventure, Dramas, Independent Movies",R,TV-MA
Movie,David O. Russell,United States,2010,116 min,"Dramas, Sports Movies",R,PG-13
Movie,Luke Holland,United Kingdom,2021,94 min,Documentaries,PG-13,TV-PG
Movie,Chineze Anyaene,United States,2010,106 min,"Dramas, International Movies",TV-MA,TV-MA
Movie,Ken Kushner,United States,2019,95 min,"Dramas, Independent Movies, Sports Movies",TV-MA,TV-MA
Movie,Kim A. Snyder,United States,2016,84 min,Documentaries,NR,TV-MA
Movie,Garry Marshall,United States,1999,116 min,"Comedies, Romantic Movies",PG,PG-13
Movie,Mahmood Ali-Balogun,Nigeria,2010,104 min,"Dramas, International Movies, Romantic Movies",TV-14,TV-14
Movie,Rajkumar Santoshi,India,1990,163 min,"Action & Adventure, Dramas, International Movies",TV-14,TV-14
Movie,Ron Howard,United States,2009,139 min,Thrillers,PG-13,R
Movie,Tilak Shetty,India,2017,65 min,Children & Family Movies,TV-Y7,TV-Y7
Movie,Amol Palekar,India,2005,134 min,"Dramas, International Movies, Romantic Movies",TV-PG,TV-14
TV Show,Not Given,Kuwait,2019,1 Season,"International TV Shows, Romantic TV Shows, TV Dramas",TV-PG,TV-14
Movie,Atanu Mukherjee,India,2017,103 min,"Dramas, Independent Movies, International Movies",TV-MA,TV-MA
Movie,Chris Weitz,United States,2018,123 min,"Dramas, Thrillers",PG-13,TV-MA
Movie,"Josh Izenberg, Wynn Padula",United States,2017,28 min,"Documentaries, Sports Movies",TV-MA,TV-MA
TV Show,Not Given,Pakistan,2018,1 Season,"Docuseries, International TV Shows, Spanish-Language TV Shows",TV-14,TV-MA
Movie,Prakash Jha,India,2013,146 min,"Dramas, International Movies, Music & Musicals",TV-14,TV-14
TV Show,Not Given,Japan,2016,2 Seasons,"International TV Shows, Reality TV",TV-14,TV-MA
TV Show,Not Given,Argentina,2017,1 Season,"International TV Shows, Spanish-Language TV Shows, TV Horror",TV-14,TV-MA
Movie,Dallas Jackson,United States,2018,87 min,Horror Movies,TV-MA,TV-MA
TV Show,Not Given,Pakistan,2021,1 Season,"TV Comedies, TV Dramas",TV-MA,TV-MA
Movie,Susan Johnson,United States,2018,100 min,"Comedies, International Movies, Romantic Movies",TV-14,TV-MA
TV Show,Not Given,Japan,2016,3 Seasons,"Anime Series, International TV Shows",TV-MA,TV-14
Movie,Jeff Wadlow,United States,2008,113 min,"Action & Adventure, Dramas, Sports Movies",PG-13,R
Movie,David Hackl,United States,2015,90 min,"Action & Adventure, Horror Movies",R,TV-MA
Movie,Rajiv Menon,India,2018,131 min,"Dramas, International Movies, Music & Musicals",TV-14,TV-14
Movie,Mark Steven Johnson,United States,2020,91 min,"Comedies, Independent Movies, Romantic Movies",TV-PG,TV-MA
TV Show,Not Given,Mexico,2018,5 Seasons,"Crime TV Shows, International TV Shows, Spanish-Language TV Shows",TV-MA,TV-MA
Movie,Prakash Satam,Not Given,2020,70 min,"Children & Family Movies, Comedies",TV-Y7,TV-Y7
Movie,Rajiv Chilaka,India,2011,74 min,Children & Family Movies,TV-Y7,TV-Y7
Movie,Phillip Noyce,United States,1992,117 min,Action & Adventure,R,R
Movie,Maroun Baghdadi,Lebanon,1975,106 min,"Classic Movies, Dramas, International Movies",TV-14,TV-14
Movie,Sydney Pollack,United Kingdom,2005,128 min,Thrillers,PG-13,R
TV Show,Not Given,United States,2014,7 Seasons,TV Dramas,TV-14,TV-14
Movie,Jenny Gage,United States,2019,106 min,"Dramas, Romantic Movies",PG-13,PG-13
Movie,Mahmoud Karim,Egypt,2018,93 min,"Comedies, International Movies, Romantic Movies",TV-MA,TV-14
Movie,Adarsh Eshwarappa,India,2017,115 min,"Dramas, International Movies, Thrillers",TV-14,TV-MA
TV Show,Not Given,New Zealand,2019,2 Seasons,"International TV Shows, Reality TV",TV-14,TV-MA
Movie,Larry Elikann,United States,1988,95 min,Dramas,TV-14,TV-14
TV Show,Not Given,Pakistan,2017,1 Season,"Kids' TV, Korean TV Shows",TV-Y7,TV-Y7
TV Show,"Su I-Hsuan, Chuang Shiang-an, Liu Yi",Taiwan,2020,1 Season,"International TV Shows, TV Dramas, TV Horror",TV-MA,TV-MA
Movie,Jack C. Newell,United States,2018,79 min,Dramas,PG,TV-MA
Movie,Ryan Polito,United States,2018,70 min,Stand-Up Comedy,TV-MA,TV-MA
Movie,Lasse Hallström,United States,2013,116 min,"Dramas, Romantic Movies",PG-13,PG-13
Movie,Daniel Stamm,United States,2014,93 min,"Horror Movies, Thrillers",R,R
Movie,Remi Weekes,United Kingdom,2020,93 min,"Horror Movies, Independent Movies",TV-14,TV-MA
Movie,Najwa Najjar,France,2014,103 min,"Dramas, Independent Movies, International Movies",TV-14,TV-MA
Movie,Ahmad Samir Farag,Egypt,2011,97 min,"Comedies, International Movies, Romantic Movies",TV-14,TV-14
TV Show,Not Given,United Kingdom,2019,1 Season,Reality TV,TV-PG,TV-MA
Movie,Vinil Mathew,India,2014,135 min,"Comedies, Dramas, International Movies",TV-14,TV-14
Movie,Feroz,India,2017,125 min,"Action & Adventure, Dramas, International Movies",TV-MA,TV-14
Movie,David Dhawan,India,2013,121 min,"Comedies, International Movies, Music & Musicals",TV-14,TV-PG
TV Show,Not Given,United States,2020,3 Seasons,"Kids' TV, TV Comedies",TV-PG,TV-Y7
Movie,Vrinda Samartha,India,2017,59 min,"Documentaries, International Movies, Sports Movies",TV-PG,TV-14
Movie,Niyi Akinmolayan,Nigeria,2017,98 min,"Comedies, International Movies, Romantic Movies",TV-14,TV-14
Movie,Johnnie To,Hong Kong,2014,113 min,"Comedies, International Movies, Romantic Movies",TV-14,TV-14
Movie,Anthony Wonke,United Kingdom,2015,99 min,"Documentaries, International Movies, Sports Movies",TV-14,TV-MA
Movie,Rob Zombie,United States,2011,57 min,Stand-Up Comedy,TV-14,TV-MA
Movie,Liv Ullmann,Norway,2014,130 min,"Dramas, International Movies",PG-13,TV-MA
Movie,Jeremy Saulnier,United States,2015,95 min,"Horror Movies, Thrillers",R,R
Movie,Maciej Dejczer,Denmark,1989,93 min,"Dramas, International Movies",TV-14,TV-MA
Movie,Kevin MacDonald,United States,2016,80 min,Documentaries,TV-MA,TV-MA
Movie,"Hsu Chih-yen, Mag Hsu",Taiwan,2018,100 min,"Comedies, Dramas, International Movies",TV-MA,TV-MA
TV Show,Not Given,South Korea,2016,1 Season,"International TV Shows, Korean TV Shows, Romantic TV Shows",TV-PG,TV-14
Movie,Mfanelo Ngoma,Not Given,2020,72 min,Stand-Up Comedy,TV-MA,TV-MA
Movie,Mana Yasuda,Japan,2019,90 min,"Dramas, International Movies",TV-PG,TV-MA
Movie,Mark Raso,Canada,2018,105 min,"Comedies, Dramas",TV-MA,TV-MA
TV Show,"Sidharta Tata, Aco Tenriyagelli, Dian Sastrowardoyo, Ifa Isfansyah, Jason Iskandar",Not Given,2020,1 Season,"International TV Shows, TV Comedies, TV Dramas",TV-MA,TV-MA
Movie,"Asit Mohapatra, Shyamal Chaulia",Not Given,2018,62 min,Children & Family Movies,TV-Y7,TV-Y7
Movie,Jerrold Tarog,Philippines,2018,150 min,"Dramas, International Movies",TV-MA,TV-MA
TV Show,Not Given,Japan,2020,1 Season,"Anime Series, International TV Shows",TV-MA,TV-14
Movie,Sebastián Schindel,Argentina,2020,100 min,"Dramas, International Movies",TV-14,TV-MA
Movie,Rako Prijanto,Indonesia,2020,104 min,"Dramas, International Movies, Romantic Movies",TV-G,TV-14
Movie,Buz Wallick,United States,2018,86 min,"Horror Movies, Independent Movies, Thrillers",TV-MA,TV-MA
TV Show,Lai Chun-yu,Not Given,2020,1 Season,"Crime TV Shows, International TV Shows, TV Dramas",TV-14,TV-MA
TV Show,DJ Chen,Taiwan,2019,1 Season,"Crime TV Shows, International TV Shows, TV Action & Adventure",TV-MA,TV-MA
Movie,Gaspar Antillo,Chile,2020,92 min,"Dramas, Independent Movies, International Movies",TV-MA,TV-MA
Movie,J.D. Dillard,United States,2019,83 min,"Horror Movies, Sci-Fi & Fantasy, Thrillers",PG-13,TV-MA
TV Show,Not Given,Pakistan,2018,1 Season,"International TV Shows, TV Dramas",TV-14,TV-14
Movie,Ravi Babu,India,2019,110 min,"Horror Movies, International Movies, Thrillers",TV-14,TV-14
Movie,Larry Latham,United States,2000,79 min,Children & Family Movies,G,G
Movie,Michael G. Kehoe,United States,2017,94 min,Horror Movies,R,R
Movie,Joe Camp,United States,1977,84 min,Children & Family Movies,G,TV-G
Movie,Vince Gilligan,United States,2019,123 min,"Dramas, Thrillers",TV-MA,TV-MA
Movie,Riri Riza,Indonesia,2005,141 min,"Dramas, International Movies",TV-14,TV-PG
Movie,Keishi Otomo,Not Given,2021,138 min,"Action & Adventure, International Movies",TV-MA,TV-MA
Movie,"David Fairhead, Anthony Palmer",United Kingdom,2018,95 min,Documentaries,TV-14,TV-MA
Movie,Abhishek Kapoor,India,2008,139 min,"Dramas, International Movies, Music & Musicals",TV-14,TV-14
Movie,Prakash Satam,Not Given,2019,69 min,"Children & Family Movies, Comedies",TV-Y7,TV-Y7
TV Show,Not Given,United Kingdom,2016,1 Season,"British TV Shows, Crime TV Shows, International TV Shows",TV-MA,TV-MA
Movie,Marwan Nabil,Egypt,2020,15 min,"Dramas, Independent Movies, International Movies",TV-G,TV-14
Movie,Gregory Nava,United States,1998,116 min,"Dramas, Music & Musicals, Romantic Movies",R,R
Movie,Michael Epstein,United Kingdom,2018,90 min,"Documentaries, Music & Musicals",TV-MA,TV-MA
Movie,Vince Marcello,United States,2015,68 min,"Children & Family Movies, Comedies",TV-PG,PG
Movie,Clive Tonge,United Kingdom,2017,99 min,"Horror Movies, Thrillers",TV-MA,TV-MA
Movie,Noah Baumbach,United States,1995,97 min,"Comedies, Independent Movies, Romantic Movies",R,R
Movie,Greg Richardson,United States,2013,22 min,Children & Family Movies,TV-Y7,TV-Y7
Movie,Johnson Esthappan,India,2017,151 min,"Dramas, International Movies",TV-14,TV-14
Movie,Christopher Storer,United States,2019,59 min,Stand-Up Comedy,TV-MA,TV-MA
TV Show,Not Given,United States,2018,1 Season,"Crime TV Shows, TV Comedies, TV Dramas",TV-14,TV-MA
Movie,Tolga Karaçelik,Turkey,2010,98 min,"Dramas, Independent Movies, International Movies",TV-MA,TV-MA
TV Show,Not Given,Argentina,2019,1 Season,"International TV Shows, Reality TV, Spanish-Language TV Shows",TV-MA,TV-MA
Movie,Andrew Bergman,United States,1996,117 min,"Comedies, Dramas",R,PG-13
Movie,Francesco Amato,Italy,2020,114 min,"Dramas, Independent Movies, International Movies",TV-MA,TV-MA
TV Show,Thomas Astruc,France,2019,5 Seasons,"Kids' TV, TV Action & Adventure",TV-Y7,TV-MA
TV Show,Not Given,Egypt,2018,1 Season,"Crime TV Shows, International TV Shows, TV Dramas",TV-14,TV-MA
Movie,Les Mayfield,Germany,1999,94 min,"Action & Adventure, Comedies",PG-13,PG-13
Movie,Ksshitij Chaudhary,India,2011,132 min,"Dramas, International Movies, Music & Musicals",TV-14,TV-14
Movie,"Ishi Rudell, Jayson Thiessen",United States,2015,72 min,"Children & Family Movies, Comedies",TV-Y,PG
TV Show,Not Given,Taiwan,2017,1 Season,"International TV Shows, Romantic TV Shows, TV Comedies",TV-14,TV-14
TV Show,Not Given,United States,2016,1 Season,"TV Comedies, TV Dramas, Teen TV Shows",TV-14,TV-14
TV Show,Not Given,Japan,2014,1 Season,"Anime Series, International TV Shows, TV Horror",TV-MA,TV-MA
TV Show,Not Given,Taiwan,2009,1 Season,"International TV Shows, TV Comedies, TV Sci-Fi & Fantasy",TV-14,TV-14
Movie,"Shigeaki Kubo, Tsuyoshi Nakakuki",Japan,2017,124 min,"Action & Adventure, International Movies",TV-MA,TV-MA
TV Show,Not Given,South Korea,2020,1 Season,"Crime TV Shows, International TV Shows, TV Dramas",TV-MA,TV-14
Movie,Lynn Shelton,United States,2018,110 min,"Dramas, Independent Movies",TV-MA,R
Movie,Matthew Atkinson,Canada,2017,89 min,"Comedies, Independent Movies",TV-MA,TV-MA
Movie,Jay Roach,United States,1999,95 min,"Action & Adventure, Comedies, Sci-Fi & Fantasy",PG-13,PG-13
TV Show,Not Given,Italy,2016,2 Seasons,"Crime TV Shows, International TV Shows, TV Dramas",TV-MA,TV-MA
Movie,Spike Lee,United States,1988,120 min,"Comedies, Dramas",R,R
Movie,Andy Serkis,United Kingdom,2018,105 min,"Action & Adventure, Children & Family Movies, Dramas",PG-13,TV-MA
Movie,Brian Volk-Weiss,United States,2019,63 min,Stand-Up Comedy,TV-MA,TV-MA
Movie,Waymon Boone,United States,2017,95 min,"Dramas, Faith & Spirituality",TV-14,TV-PG
Movie,Not Given,India,2019,72 min,Stand-Up Comedy,TV-14,TV-MA
Movie,Kader Aoun,France,2018,75 min,Stand-Up Comedy,TV-MA,TV-MA
Movie,Chairun Nissa,Indonesia,2018,88 min,"Documentaries, Faith & Spirituality, International Movies",TV-PG,TV-MA
TV Show,Not Given,Mexico,2016,1 Season,"Crime TV Shows, Spanish-Language TV Shows, TV Action & Adventure",TV-MA,TV-14
TV Show,Not Given,Mexico,2018,2 Seasons,"Crime TV Shows, International TV Shows, Spanish-Language TV Shows",TV-MA,TV-MA
Movie,Robert Rodriguez,United States,2005,93 min,Children & Family Movies,PG,PG
TV Show,Not Given,United States,2012,1 Season,Kids' TV,TV-Y,TV-Y
TV Show,"Joel Gallen, Tig Notaro",United States,2018,1 Season,"Stand-Up Comedy & Talk Shows, TV Comedies",TV-MA,TV-MA
Movie,Isabel Sandoval,United States,2019,94 min,"Dramas, International Movies, LGBTQ Movies",TV-MA,TV-MA
TV Show,"Damien Chazelle, Houda Benyamina, Laïla Marrakchi, Alan Poul",United Kingdom,2020,1 Season,"International TV Shows, TV Dramas",TV-MA,TV-MA
Movie,Shravan Kumar,India,2019,118 min,"Horror Movies, International Movies",TV-14,TV-14
TV Show,Not Given,United States,2019,3 Seasons,"Docuseries, Reality TV",TV-14,TV-MA
Movie,Brian Baugh,United States,2019,108 min,"Dramas, Romantic Movies",PG,PG-13
Movie,Alejandra Márquez Abella,Mexico,2015,87 min,"Dramas, International Movies",TV-MA,TV-MA
TV Show,Not Given,United States,2019,1 Season,Docuseries,TV-PG,TV-MA
TV Show,Not Given,India,2014,1 Season,"International TV Shows, TV Dramas, TV Sci-Fi & Fantasy",TV-PG,TV-14
Movie,Naseef Yusuf Izuddin,India,2021,91 min,"International Movies, Thrillers",TV-MA,TV-14
TV Show,Not Given,United States,2021,1 Season,Kids' TV,TV-Y,TV-Y
Movie,Santwana Bardoloi,India,2017,117 min,"Dramas, International Movies",TV-14,TV-14
Movie,Qaushiq Mukherjee,India,2018,109 min,"Dramas, Independent Movies, International Movies",TV-MA,TV-MA
Movie,"Phil Johnston, Rich Moore",United States,2018,113 min,"Children & Family Movies, Comedies",PG,PG
Movie,Muhammad Ali,Egypt,2019,96 min,"Comedies, International Movies",TV-14,TV-14
TV Show,Miguel Conde,Spain,2018,1 Season,"Crime TV Shows, International TV Shows, TV Dramas",TV-MA,TV-MA
TV Show,Not Given,South Korea,2018,2 Seasons,"Kids' TV, Korean TV Shows",TV-Y7,TV-Y
Movie,Not Given,India,2010,138 min,"Comedies, Dramas, International Movies",TV-14,TV-14
Movie,Robert Radler,United States,1989,97 min,"Action & Adventure, Sports Movies",PG-13,R
Movie,Timo Vuorensola,Finland,2019,93 min,"Action & Adventure, Comedies, International Movies",TV-MA,TV-MA
Movie,Michael Damian,United States,2011,91 min,"Children & Family Movies, Dramas, Romantic Movies",TV-PG,PG-13
TV Show,Not Given,United Kingdom,2018,1 Season,"British TV Shows, International TV Shows, TV Dramas",TV-MA,TV-MA
Movie,"Jean-Pierre Dardenne, Luc Dardenne",Belgium,2016,106 min,"Dramas, International Movies",TV-MA,TV-MA
Movie,Yang Lei,China,2017,108 min,"Action & Adventure, International Movies, Sci-Fi & Fantasy",TV-MA,TV-MA
Movie,Amr Arafa,Egypt,2006,105 min,"Comedies, International Movies",TV-14,TV-14
Movie,Svati Chakravarty Bhatkal,India,2019,109 min,"Documentaries, International Movies",TV-14,TV-14
Movie,Werner Herzog,United States,2013,35 min,Documentaries,TV-14,TV-PG
TV Show,Not Given,Ukraine,2017,3 Seasons,"Crime TV Shows, International TV Shows, TV Dramas",TV-MA,TV-MA
Movie,Julia Hart,United States,2016,86 min,"Dramas, Independent Movies",NR,R
TV Show,"Kiko Cruz Claverol, Patricia Font",Spain,2019,1 Season,"International TV Shows, TV Comedies, TV Dramas",TV-MA,TV-MA
Movie,Thierry Donard,France,2018,110 min,"Action & Adventure, Documentaries, International Movies",TV-14,TV-MA
Movie,Kevin Bray,United States,2019,63 min,Stand-Up Comedy,TV-MA,TV-MA
Movie,Not Given,Brazil,2017,76 min,"Documentaries, International Movies",TV-14,TV-MA
Movie,Peter Jackson,United States,2009,136 min,"Dramas, International Movies, Sci-Fi & Fantasy",PG-13,R
Movie,David France,Greece,2017,106 min,"Documentaries, LGBTQ Movies",TV-MA,TV-MA
TV Show,Not Given,Italy,2020,3 Seasons,"International TV Shows, TV Dramas, Teen TV Shows",TV-MA,TV-MA
Movie,Eric Notarnicola,United States,2020,52 min,Stand-Up Comedy,TV-MA,TV-MA
Movie,"Ajay Bhuyan, Kunal Kohli",India,2015,118 min,"International Movies, Romantic Movies",TV-14,TV-14
TV Show,Not Given,United States,2018,1 Season,TV Comedies,TV-14,TV-MA
TV Show,Not Given,Israel,2021,3 Seasons,"International TV Shows, TV Dramas",TV-14,TV-MA
Movie,Avadhoot Gupte,India,2011,121 min,"Dramas, International Movies",TV-14,TV-14
Movie,Priyadarshan,United Kingdom,2012,121 min,"Action & Adventure, International Movies, Music & Musicals",TV-MA,PG-13
Movie,Asim Abbasi,United Kingdom,2018,125 min,"Comedies, Dramas, International Movies",TV-MA,TV-MA
Movie,Piti Jaturaphat,Thailand,2007,82 min,"Action & Adventure, International Movies",TV-MA,TV-MA
TV Show,Not Given,United States,2020,1 Season,TV Comedies,TV-MA,TV-MA
TV Show,Not Given,South Korea,2020,1 Season,"International TV Shows, TV Action & Adventure, TV Dramas",TV-14,TV-14
Movie,Duncan Jones,United Kingdom,2009,97 min,"Dramas, Independent Movies, Sci-Fi & Fantasy",R,TV-MA
Movie,"Chris Roland, Maradona Dias Dos Santos",South Africa,2020,107 min,"Action & Adventure, International Movies",TV-MA,TV-MA
TV Show,Not Given,United States,2019,1 Season,"TV Horror, Teen TV Shows",TV-14,TV-MA
Movie,Rako Prijanto,Indonesia,2020,89 min,"Dramas, International Movies",TV-MA,TV-14
Movie,Brendan Toller,United States,2015,103 min,"Documentaries, Music & Musicals",TV-MA,TV-14
Movie,Sam Liu,United States,2010,81 min,"Action & Adventure, Sci-Fi & Fantasy",TV-14,PG-13
Movie,Todd Phillips,United States,2010,95 min,"Action & Adventure, Comedies",R,PG-13
TV Show,Not Given,South Korea,2018,1 Season,"Crime TV Shows, International TV Shows, Korean TV Shows",TV-MA,TV-MA
Movie,Michael Larnell,United States,2018,100 min,"Dramas, Music & Musicals",TV-MA,TV-MA
Movie,Aatmaram Dharne,India,2010,129 min,"Comedies, Dramas, International Movies",TV-14,TV-14
TV Show,Not Given,United Kingdom,2015,1 Season,"British TV Shows, Crime TV Shows, Docuseries",TV-MA,TV-14
Movie,"Pablo Lejarreta, Luis Alfaro",Spain,2020,57 min,"Documentaries, International Movies",TV-MA,TV-MA
TV Show,Not Given,United States,2018,3 Seasons,"Crime TV Shows, TV Action & Adventure, TV Dramas",TV-14,TV-MA
Movie,Sarthak Dasgupta,India,2019,102 min,"Dramas, Independent Movies, International Movies",TV-14,TV-14
Movie,Storm Theunissen,Not Given,2015,49 min,Movies,TV-PG,TV-Y
Movie,Bedran Güzel,Turkey,2016,100 min,"Comedies, International Movies",TV-MA,TV-MA
Movie,Jared Hess,United States,2006,92 min,"Comedies, Sports Movies",PG,R
Movie,Ishaya Bako,Nigeria,2019,120 min,"Dramas, International Movies, Thrillers",TV-MA,TV-MA
Movie,Mohammed Alhmly,Kuwait,2019,97 min,"Action & Adventure, Comedies, International Movies",TV-MA,TV-MA
Movie,Mat Whitecross,United Kingdom,2016,122 min,"Documentaries, International Movies, Music & Musicals",R,TV-MA
Movie,Sachin Yardi,India,2012,136 min,"Comedies, International Movies",TV-MA,TV-14
Movie,Vir Das,India,2020,50 min,Stand-Up Comedy,TV-MA,TV-MA
Movie,Scott Hicks,Australia,2015,80 min,"Documentaries, International Movies, Music & Musicals",TV-14,TV-MA
TV Show,Not Given,United States,2020,1 Season,TV Dramas,TV-MA,TV-MA
Movie,Punit Malhotra,India,2013,144 min,"Comedies, Dramas, International Movies",TV-14,TV-14
TV Show,Not Given,Japan,2016,2 Seasons,"Anime Series, Kids' TV",TV-Y7,TV-Y7
TV Show,Not Given,South Korea,2018,1 Season,"International TV Shows, Korean TV Shows, TV Dramas",TV-MA,TV-MA
Movie,Vivek Agnihotri,United Kingdom,2007,157 min,"Dramas, International Movies, Music & Musicals",TV-14,PG-13
TV Show,Joshua Zeman,United States,2021,1 Season,"Crime TV Shows, Docuseries",TV-MA,TV-MA
Movie,Michelle Bello,Nigeria,2013,94 min,"Comedies, International Movies, Romantic Movies",TV-PG,TV-14
Movie,"Toka McBaror, Tunde Apalowo",Nigeria,2019,95 min,"Comedies, International Movies",TV-MA,TV-MA
Movie,Sean Cisterna,Canada,2017,93 min,"Dramas, International Movies, Romantic Movies",TV-MA,TV-14
Movie,Michael Anderson,United States,1976,118 min,"Action & Adventure, Classic Movies, Cult Movies",PG,R
Movie,"Jon Reiner, Brad Rothschild",Canada,2015,82 min,Documentaries,TV-PG,TV-MA
Movie,Maria Ripoll,United States,2001,104 min,"Comedies, Dramas, Romantic Movies",PG-13,R
Movie,White Trash Tyler,United States,2019,85 min,"Documentaries, Music & Musicals",TV-MA,TV-MA
TV Show,Not Given,Pakistan,2010,1 Season,"International TV Shows, TV Dramas",TV-MA,TV-14
Movie,Ross Venokur,Canada,2021,85 min,"Children & Family Movies, Comedies",TV-Y7,PG
Movie,Tomas Brickhill,Zimbabwe,2017,100 min,"Comedies, International Movies, Romantic Movies",TV-G,TV-MA
TV Show,Not Given,United States,2020,1 Season,"TV Action & Adventure, TV Dramas, TV Horror",TV-MA,TV-MA
Movie,Matt Eskandari,United States,2020,98 min,Action & Adventure,R,R
Movie,John Erick Dowdle,United States,2014,93 min,"Horror Movies, Thrillers",R,R
TV Show,Not Given,Spain,2021,2 Seasons,"International TV Shows, Spanish-Language TV Shows, TV Action & Adventure",TV-MA,TV-MA
Movie,"Kenzo Maihara, Amandha Wyanto",Indonesia,2017,92 min,Children & Family Movies,TV-G,TV-PG
Movie,Robb Dipple,United States,2014,84 min,Stand-Up Comedy,TV-MA,TV-MA
Movie,Tsutomu Mizushima,Japan,2015,121 min,"Action & Adventure, Anime Features, International Movies",TV-MA,TV-14
TV Show,Not Given,South Korea,2018,1 Season,"Crime TV Shows, International TV Shows, Korean TV Shows",TV-MA,TV-MA
Movie,Jon Turteltaub,United States,2004,131 min,"Action & Adventure, Children & Family Movies",PG,R
Movie,Ashutosh Gowariker,India,2016,168 min,"Action & Adventure, Dramas, International Movies",TV-14,TV-14
Movie,Lori Kaye,United States,2017,90 min,"Documentaries, LGBTQ Movies",TV-MA,TV-MA
Movie,"Lilly Wachowski, Lana Wachowski",United States,2003,138 min,"Action & Adventure, Sci-Fi & Fantasy",R,R
Movie,"Mike Smith, John Paul Tremblay, Robb Wells",Canada,2014,75 min,"Comedies, International Movies",TV-MA,TV-MA
TV Show,Not Given,Mexico,2017,1 Season,"Crime TV Shows, International TV Shows, Spanish-Language TV Shows",TV-MA,TV-MA
Movie,Nattawut Poonpiriya,Thailand,2017,130 min,"Dramas, International Movies, Thrillers",TV-MA,TV-MA
Movie,Lucky Kuswandi,Indonesia,2017,111 min,"Dramas, International Movies, Romantic Movies",TV-PG,TV-14
Movie,You-Jeong Chang,South Korea,2017,102 min,"Comedies, Dramas, International Movies",TV-14,TV-MA
Movie,Sooraj R. Barjatya,India,1999,176 min,"Dramas, International Movies, Music & Musicals",TV-G,TV-G
TV Show,Not Given,United States,2020,2 Seasons,"TV Action & Adventure, TV Mysteries, TV Sci-Fi & Fantasy",TV-14,TV-MA
Movie,Guilherme Fontes,Brazil,2015,105 min,"Dramas, International Movies",TV-MA,TV-MA
TV Show,Not Given,South Korea,2017,1 Season,"International TV Shows, Korean TV Shows, Romantic TV Shows",TV-MA,TV-MA
TV Show,Not Given,Mexico,2017,1 Season,Kids' TV,TV-Y7,TV-Y
Movie,"Mariana Tschudi, Héctor Gálvez",Peru,2017,74 min,"Documentaries, International Movies",TV-G,TV-14
TV Show,Not Given,South Korea,2020,1 Season,"Crime TV Shows, International TV Shows, TV Dramas",TV-MA,TV-14
Movie,Eddie Martin,Australia,2017,86 min,"Documentaries, International Movies",TV-MA,TV-MA
Movie,Dino Risi,Italy,1955,97 min,"Classic Movies, Comedies, Independent Movies",TV-14,TV-MA
Movie,Kranti Redkar,India,2015,132 min,"Dramas, International Movies, Romantic Movies",TV-PG,TV-14
Movie,Brodje Wemboendja,United States,2017,81 min,"Documentaries, International Movies, Sports Movies",TV-14,TV-MA
Movie,Vikram Bhatt,India,2002,162 min,"Action & Adventure, Comedies, Dramas",TV-14,TV-14
TV Show,Not Given,United States,2001,1 Season,Kids' TV,TV-Y7,TV-Y7
Movie,Paul Miller,United States,2001,42 min,Stand-Up Comedy,TV-PG,TV-MA
TV Show,Not Given,Egypt,2018,1 Season,"International TV Shows, TV Dramas",TV-MA,TV-14
TV Show,Not Given,United States,2011,2 Seasons,Reality TV,TV-14,TV-14
Movie,Rob Silvestri,United States,2015,22 min,Children & Family Movies,TV-Y7,TV-Y
Movie,Michael John Warren,United States,2017,102 min,Stand-Up Comedy,TV-MA,TV-MA
TV Show,Not Given,South Korea,2019,1 Season,"International TV Shows, Korean TV Shows, TV Dramas",TV-14,TV-MA
TV Show,Not Given,South Korea,2021,1 Season,"International TV Shows, Stand-Up Comedy & Talk Shows",TV-14,TV-14
Movie,"Jennifer Beamish, Toby Trackman",United States,2019,53 min,Documentaries,TV-14,TV-PG
Movie,Joe Nussbaum,United States,2004,89 min,"Comedies, Romantic Movies",PG,PG-13
Movie,Khalid Mohamed,India,2000,163 min,"Dramas, International Movies, Music & Musicals",TV-14,TV-14
TV Show,Not Given,United States,2012,2 Seasons,"Kids' TV, TV Comedies",TV-Y7,TV-G
Movie,Not Given,United States,2018,59 min,Stand-Up Comedy,TV-MA,TV-MA
TV Show,Not Given,United States,2020,4 Seasons,"Crime TV Shows, TV Dramas, TV Mysteries",TV-MA,TV-MA
TV Show,Not Given,Luxembourg,2019,1 Season,"Crime TV Shows, International TV Shows, TV Dramas",TV-MA,TV-MA
Movie,Mar Targarona,Spain,2016,105 min,"International Movies, Thrillers",TV-MA,TV-MA
Movie,Cody Stokes,United States,2019,107 min,"Dramas, Independent Movies, Thrillers",TV-MA,TV-MA
TV Show,Not Given,United States,2016,3 Seasons,Reality TV,TV-14,TV-G
TV Show,Bhavik Thakore,Not Given,2017,1 Season,"Kids' TV, TV Comedies",TV-Y,TV-Y7
Movie,Pascal Atuma,Not Given,2020,87 min,"Dramas, International Movies",TV-MA,TV-MA
Movie,Yoshiyuki Momose,Japan,2019,107 min,"Action & Adventure, Anime Features, Children & Family Movies",TV-14,TV-MA
Movie,Sanjay Soorkar,India,2007,152 min,"Dramas, International Movies, Music & Musicals",TV-PG,TV-14
Movie,Javier Colinas,Mexico,2020,103 min,"Children & Family Movies, Comedies, Dramas",TV-14,TV-MA
Movie,"J.F. Musial, Josh Vietze",United States,2016,86 min,Documentaries,NR,TV-MA
Movie,Jeff Wadlow,United States,2016,98 min,"Action & Adventure, Comedies",TV-14,TV-MA
Movie,Lekh Tandon,India,1966,116 min,"Dramas, International Movies, Music & Musicals",TV-PG,TV-14
Movie,Rajkumar Santoshi,India,1994,160 min,"Action & Adventure, Comedies, Cult Movies",TV-14,TV-14
Movie,Khaled El Halafawy,Egypt,2018,87 min,"Comedies, Dramas, International Movies",TV-14,TV-14
Movie,Alaa Eddine Aljem,Not Given,2019,100 min,"Comedies, Dramas, Independent Movies",TV-14,TV-MA
TV Show,Not Given,United States,2021,5 Seasons,Kids' TV,TV-Y,TV-Y7
Movie,Sorin Dan Mihalcescu,United States,2006,81 min,"Dramas, Independent Movies, Thrillers",TV-MA,R
TV Show,Not Given,United States,2018,8 Seasons,TV Comedies,TV-14,TV-14
Movie,Cary Joji Fukunaga,United States,2015,137 min,"Dramas, Independent Movies",TV-MA,R
Movie,Christian Ditter,Germany,2014,103 min,"Comedies, International Movies, Romantic Movies",R,TV-14
Movie,Javier Ruiz Caldera,Spain,2018,108 min,"Action & Adventure, Comedies, International Movies",TV-MA,TV-MA
TV Show,Not Given,Pakistan,2019,1 Season,"Crime TV Shows, Docuseries",TV-14,TV-MA
TV Show,Not Given,United States,2016,1 Season,"Crime TV Shows, TV Dramas, TV Mysteries",TV-14,TV-14
Movie,Paul Thomas Anderson,United States,2012,137 min,"Dramas, Independent Movies",R,R
Movie,Vinay Bharadwaj,India,2019,104 min,"Dramas, International Movies, Romantic Movies",TV-MA,TV-14
TV Show,Not Given,United States,2015,1 Season,"Kids' TV, TV Comedies",TV-G,TV-Y
Movie,Gangadhar Salimath,India,2017,112 min,"Dramas, Independent Movies, International Movies",TV-MA,TV-14
Movie,Mahmoud Karim,Egypt,2019,90 min,"Comedies, International Movies",TV-14,TV-14
TV Show,Ah Loong,Malaysia,2017,1 Season,"Kids' TV, TV Comedies",TV-Y7,TV-Y7
Movie,Noah Baumbach,United Kingdom,2019,137 min,Dramas,R,TV-MA
Movie,David Batty,United States,2014,190 min,"Dramas, Faith & Spirituality",TV-14,TV-14
Movie,Justin Kelly,United States,2015,102 min,"Dramas, LGBTQ Movies",TV-MA,TV-MA
TV Show,Everardo Gout,United States,2018,2 Seasons,"Docuseries, Science & Nature TV, TV Dramas",TV-PG,TV-MA
Movie,Aziz Ansari,United States,2015,58 min,Stand-Up Comedy,TV-MA,TV-MA
Movie,Juan Camilo Pinzon,Colombia,2020,83 min,"Comedies, Dramas, International Movies",TV-14,TV-MA
Movie,Simon Stone,Australia,2015,95 min,Dramas,TV-MA,TV-MA
Movie,Kunihiko Yuyama,Japan,2017,97 min,"Anime Features, Children & Family Movies",TV-Y7,TV-MA
Movie,Shaad Ali,India,2018,131 min,"Dramas, International Movies, Sports Movies",TV-14,TV-14
TV Show,Not Given,United States,2015,1 Season,Kids' TV,TV-Y7,TV-Y
Movie,Blair Simmons,China,2021,73 min,Children & Family Movies,TV-Y,TV-Y
TV Show,Not Given,France,2018,2 Seasons,"Crime TV Shows, TV Action & Adventure, TV Thrillers",TV-14,TV-MA
Movie,Tamas Yvan Topolanszky,Hungary,2018,99 min,"Dramas, International Movies",TV-MA,TV-MA
Movie,Jay Chapman,United States,2015,56 min,Stand-Up Comedy,TV-MA,TV-MA
Movie,Vlad Yudin,United States,2017,107 min,"Documentaries, Sports Movies",PG-13,TV-MA
TV Show,Not Given,China,2020,3 Seasons,"Docuseries, International TV Shows",TV-G,TV-14
Movie,Mark Tonderai,United States,2012,101 min,"Horror Movies, Thrillers",PG-13,R
Movie,Marty Callner,United States,1998,69 min,Stand-Up Comedy,TV-14,TV-MA
Movie,Kevin Pollak,United States,2016,95 min,Comedies,R,TV-MA
TV Show,Not Given,Argentina,2019,2 Seasons,"Kids' TV, Spanish-Language TV Shows, Teen TV Shows",TV-PG,TV-MA
Movie,Emil Ben-Shimon,Israel,2016,100 min,"Comedies, Dramas, Faith & Spirituality",TV-PG,TV-MA
Movie,Bruce Leddy,United States,2019,89 min,Comedies,TV-MA,TV-MA
TV Show,Not Given,Taiwan,2012,1 Season,"International TV Shows, Romantic TV Shows, TV Comedies",TV-14,TV-14
TV Show,Not Given,United States,2016,1 Season,"Docuseries, Science & Nature TV",TV-PG,TV-MA
Movie,Alex Israel,United States,2017,75 min,"Dramas, Romantic Movies, Sports Movies",PG-13,TV-MA
Movie,Mike Clattenburg,Canada,2006,95 min,"Comedies, Cult Movies",R,R
Movie,Detlev Buck,Germany,2016,107 min,"Children & Family Movies, Music & Musicals",TV-14,TV-MA
Movie,Khaled Marei,Egypt,2010,132 min,"Comedies, Dramas, International Movies",TV-MA,TV-14
Movie,Olivier Megaton,United States,2020,149 min,"Action & Adventure, Dramas, Independent Movies",TV-MA,TV-MA
Movie,Not Given,Pakistan,2021,131 min,"Dramas, International Movies, Music & Musicals",TV-14,TV-14
Movie,Not Given,Pakistan,2020,77 min,Stand-Up Comedy,TV-MA,TV-MA
Movie,Roger Kumble,United States,2002,89 min,"Comedies, Romantic Movies",R,PG-13
Movie,Kevin Reynolds,United States,1997,119 min,Dramas,R,PG-13
Movie,Lucas Santa Ana,Argentina,2019,97 min,"Dramas, International Movies, LGBTQ Movies",TV-MA,TV-MA
Movie,George Clooney,United States,2005,93 min,Dramas,PG,PG-13
TV Show,Not Given,United States,2019,1 Season,Reality TV,TV-PG,TV-MA
Movie,Felix Binder,Germany,2020,93 min,"Dramas, Independent Movies, International Movies",TV-MA,TV-MA
TV Show,Not Given,Japan,2018,1 Season,"International TV Shows, TV Dramas, TV Mysteries",TV-MA,TV-MA
Movie,Ramesh Sippy,India,2020,121 min,"Comedies, International Movies, Romantic Movies",TV-14,TV-14
TV Show,Not Given,France,2020,1 Season,"International TV Shows, TV Dramas, TV Horror",TV-MA,TV-MA
TV Show,Not Given,Pakistan,2021,2 Seasons,Kids' TV,TV-Y,TV-Y7
Movie,Not Given,South Korea,2018,136 min,"Action & Adventure, Dramas, International Movies",TV-MA,TV-MA
TV Show,Not Given,Pakistan,2020,2 Seasons,"Kids' TV, TV Comedies",TV-Y7,TV-Y
Movie,"Latif Faiziyev, Umesh Mehra",India,1991,163 min,"Dramas, International Movies, Music & Musicals",TV-14,TV-14
Movie,Olivier Marchal,France,2020,116 min,"Dramas, International Movies, Thrillers",TV-MA,TV-MA
Movie,Bobcat Goldthwait,United States,2018,67 min,Stand-Up Comedy,TV-MA,TV-MA
TV Show,Not Given,United Kingdom,2020,1 Season,"British TV Shows, Crime TV Shows, International TV Shows",TV-PG,TV-MA
Movie,Ashwiny Iyer Tiwari,India,2017,110 min,"Comedies, Dramas, International Movies",TV-14,TV-14
Movie,Mike Flanagan,United States,2016,97 min,"Horror Movies, Thrillers",PG-13,TV-MA
Movie,Ben C. Lucas,Australia,2017,96 min,"Dramas, Independent Movies, International Movies",TV-MA,TV-MA
TV Show,Not Given,United States,2011,1 Season,Kids' TV,TV-Y,TV-Y7
TV Show,Not Given,United States,2021,4 Seasons,"Anime Series, TV Horror, TV Thrillers",TV-MA,TV-MA
Movie,Sean McNamara,United States,2020,88 min,"Children & Family Movies, Comedies",PG,PG
Movie,Anvita Dutt,India,2020,94 min,"Horror Movies, International Movies",TV-MA,TV-MA
Movie,Moses Inwang,Nigeria,2019,98 min,"Dramas, International Movies, Romantic Movies",TV-14,TV-MA
TV Show,Not Given,Taiwan,2016,1 Season,"International TV Shows, TV Dramas",TV-14,TV-14
Movie,Damien O’Connor,Ireland,2018,30 min,Children & Family Movies,TV-Y,TV-Y
Movie,Benny Fredman,Israel,2014,114 min,"International Movies, Thrillers",TV-MA,TV-MA
Movie,"Noah Baumbach, Jake Paltrow",United States,2015,110 min,Documentaries,R,TV-MA
Movie,Jay Karas,United States,2018,71 min,Stand-Up Comedy,TV-MA,TV-MA
Movie,"Volker Arzt, Angelika Sigl",Germany,2013,52 min,"Documentaries, International Movies",TV-G,TV-MA
TV Show,Not Given,South Korea,2021,1 Season,"International TV Shows, TV Dramas",TV-MA,TV-14
Movie,Juraj Šajmovič,Not Given,2016,93 min,"Comedies, Documentaries, International Movies",TV-MA,TV-14
Movie,Malik Nejer,Saudi Arabia,2020,100 min,"Comedies, International Movies",TV-14,TV-MA
Movie,"Anusha Rizvi, Mahmood Farooqui",India,2010,109 min,"Comedies, Dramas, Independent Movies",TV-MA,TV-14
Movie,Tony Datis,France,2017,100 min,"Comedies, Horror Movies, International Movies",TV-MA,TV-MA
TV Show,Not Given,United Kingdom,1974,4 Seasons,"British TV Shows, Classic & Cult TV, International TV Shows",TV-14,TV-MA
Movie,Kevin Hooks,United States,1992,84 min,Action & Adventure,R,R
TV Show,Not Given,Pakistan,2019,3 Seasons,"Anime Series, Kids' TV",TV-Y7,TV-Y7
Movie,Michael Kampa,United States,2019,87 min,"Children & Family Movies, Comedies",TV-PG,PG
Movie,Rajiv Chilaka,India,2010,69 min,"Children & Family Movies, Sports Movies",TV-Y7,TV-Y7
Movie,Daniel Wilner,Canada,2017,19 min,"Documentaries, International Movies, LGBTQ Movies",TV-PG,TV-MA
TV Show,Not Given,United Kingdom,2019,1 Season,"British TV Shows, Reality TV",TV-MA,TV-PG
Movie,Kornél Mundruczó,Canada,2020,128 min,Dramas,R,TV-MA
TV Show,Not Given,United Kingdom,2020,1 Season,"British TV Shows, International TV Shows, TV Comedies",TV-MA,TV-MA
TV Show,Not Given,United Kingdom,2018,1 Season,"British TV Shows, International TV Shows, TV Dramas",TV-MA,TV-MA
Movie,Stacia Crawford,United States,2019,87 min,"Dramas, Independent Movies, Thrillers",TV-14,TV-MA
Movie,Ahmed Medhat,Egypt,2009,93 min,"Dramas, International Movies, Sports Movies",TV-14,TV-14
Movie,"Benny Safdie, Josh Safdie",United States,2017,101 min,"Dramas, Independent Movies, Thrillers",R,R
TV Show,Not Given,Pakistan,2015,1 Season,"International TV Shows, Korean TV Shows, Reality TV",TV-PG,TV-MA
TV Show,"Jung-ah Im, Seung-uk Jo",South Korea,2017,2 Seasons,"International TV Shows, Korean TV Shows, Stand-Up Comedy & Talk Shows",TV-PG,TV-MA
Movie,"Dylan Haegens, Bas van Teylingen",Netherlands,2018,81 min,"Comedies, International Movies",TV-PG,TV-MA
TV Show,Not Given,United Kingdom,2019,2 Seasons,Kids' TV,TV-Y,TV-Y
Movie,Fernando González Molina,Spain,2017,129 min,"International Movies, Thrillers",TV-MA,TV-MA
Movie,Jeffrey G. Hunt,United States,2019,95 min,Dramas,R,TV-MA
TV Show,Not Given,Pakistan,2018,1 Season,"British TV Shows, International TV Shows, Reality TV",TV-MA,TV-14
Movie,Icíar Bollaín,Spain,2010,103 min,"Dramas, International Movies",TV-MA,TV-MA
Movie,Sam Blitz Bazawule,Ghana,2018,81 min,"Dramas, Independent Movies, International Movies",TV-14,TV-MA
TV Show,Alain Brunard,Belgium,2021,1 Season,"Crime TV Shows, Docuseries, International TV Shows",TV-14,TV-MA
TV Show,Not Given,Pakistan,2021,1 Season,"Reality TV, Romantic TV Shows",TV-MA,TV-G
Movie,Steven Soderbergh,United States,2007,122 min,"Action & Adventure, Comedies",PG-13,PG-13
TV Show,Not Given,India,2020,1 Season,"Kids' TV, TV Comedies",TV-Y,TV-Y
Movie,Farah Khan,India,2010,125 min,"Comedies, International Movies, Music & Musicals",TV-PG,TV-14
Movie,Fuwad Khan,India,2015,127 min,"Comedies, Dramas, International Movies",TV-PG,TV-14
Movie,Nirpal Bhogal,United Kingdom,2016,90 min,"Horror Movies, International Movies",TV-MA,TV-MA
Movie,Hong Khaou,United Kingdom,2020,85 min,"Dramas, Independent Movies, LGBTQ Movies",TV-MA,TV-MA
Movie,Robert Luketic,United States,2013,106 min,Thrillers,PG-13,R
Movie,Not Given,Turkey,2020,113 min,"Comedies, International Movies",TV-MA,TV-MA
Movie,Bahij Hojeij,Lebanon,2010,101 min,"Dramas, International Movies",TV-MA,TV-MA
TV Show,Not Given,United States,2004,1 Season,Kids' TV,TV-Y7,TV-Y7
Movie,"Kobun Shizuno, Hiroyuki Seshita",Japan,2018,91 min,"Action & Adventure, Anime Features, International Movies",TV-PG,TV-14
Movie,Michèle Ohayon,United States,2016,40 min,Documentaries,TV-14,TV-14
Movie,P.T. Kunju Muhammad,India,2017,125 min,"Dramas, International Movies",TV-14,TV-14
Movie,Christopher Nolen,United States,2017,81 min,"Dramas, Romantic Movies",TV-14,TV-MA
Movie,Not Given,United States,2019,10 min,Documentaries,TV-G,TV-14
TV Show,Not Given,United States,2020,2 Seasons,"Kids' TV, TV Comedies",TV-G,TV-Y
Movie,Shawn Crahan,United States,2016,91 min,Action & Adventure,R,R
Movie,Antoine Fuqua,United States,2009,133 min,"Dramas, Thrillers",R,R
TV Show,Not Given,United States,2018,1 Season,"Stand-Up Comedy & Talk Shows, TV Comedies",TV-MA,TV-MA
Movie,Amy Poehler,United States,2019,104 min,Comedies,R,R
Movie,Grant Sputore,Australia,2019,114 min,"International Movies, Sci-Fi & Fantasy, Thrillers",TV-PG,TV-MA
Movie,Ashutosh Gowariker,India,2001,224 min,"Dramas, International Movies, Music & Musicals",PG,TV-14
TV Show,Not Given,United States,1993,7 Seasons,"TV Action & Adventure, TV Sci-Fi & Fantasy",TV-PG,TV-14
TV Show,Not Given,United States,2020,1 Season,"Crime TV Shows, Docuseries",TV-MA,TV-MA
Movie,Enrico Bisi,Italy,2015,91 min,"Documentaries, International Movies, Music & Musicals",TV-MA,TV-MA
Movie,Alexis Almström,Not Given,2021,91 min,"Dramas, International Movies, Romantic Movies",TV-MA,TV-14
Movie,Jordi Llompart,Spain,2015,122 min,"Documentaries, International Movies, Sports Movies",TV-MA,TV-MA
Movie,Robert Markowitz,United States,1986,96 min,Dramas,TV-MA,R
TV Show,Not Given,United States,2013,1 Season,Kids' TV,TV-Y7,TV-Y
TV Show,Not Given,Brazil,2020,1 Season,"International TV Shows, Reality TV",TV-MA,TV-MA
Movie,Chris Howe,United Kingdom,2020,63 min,Stand-Up Comedy,TV-MA,TV-MA
TV Show,Not Given,Taiwan,2004,1 Season,"Crime TV Shows, International TV Shows, Romantic TV Shows",TV-MA,TV-MA
TV Show,Not Given,Canada,1997,1 Season,Kids' TV,TV-Y,TV-Y7
Movie,Dan Gilroy,United States,2019,113 min,"Dramas, Thrillers",R,R
Movie,Henry Sarwer-Foner,Canada,2011,44 min,Stand-Up Comedy,NR,TV-MA
Movie,Hua Shan,Hong Kong,1983,92 min,"Action & Adventure, International Movies, Romantic Movies",TV-14,TV-14
Movie,Louie Schwartzberg,United States,2019,81 min,Documentaries,TV-14,TV-MA
Movie,Stephen Gyllenhaal,United States,1993,101 min,"Dramas, Romantic Movies",R,PG-13
Movie,Sameh Abdulaziz,Egypt,2014,98 min,"Dramas, International Movies",TV-MA,TV-14
Movie,Not Given,Canada,2019,24 min,Children & Family Movies,TV-Y,TV-Y
TV Show,Not Given,Mexico,2015,1 Season,"Crime TV Shows, International TV Shows, Spanish-Language TV Shows",TV-14,TV-MA
Movie,Jason Paul Laxamana,Philippines,2019,108 min,"Dramas, International Movies, Romantic Movies",TV-14,TV-14
Movie,Shirish Kunder,India,2006,163 min,"Dramas, International Movies, Romantic Movies",TV-14,TV-14
TV Show,Brad Anderson,United States,2021,1 Season,"Crime TV Shows, TV Dramas, TV Mysteries",TV-MA,TV-MA
Movie,Ram,India,2017,148 min,"Dramas, Independent Movies, International Movies",TV-MA,TV-14
TV Show,Not Given,Pakistan,2018,1 Season,"Docuseries, International TV Shows",TV-MA,TV-PG
Movie,Amy Segal,Canada,2020,44 min,"Documentaries, LGBTQ Movies",TV-MA,TV-MA
TV Show,Not Given,Pakistan,2020,1 Season,"International TV Shows, Reality TV",TV-14,TV-MA
Movie,Liu Kuang-hui,Taiwan,2020,115 min,"Dramas, International Movies, LGBTQ Movies",TV-MA,TV-MA
Movie,Rob Meyer,United States,2016,89 min,"Comedies, Dramas, Independent Movies",TV-MA,TV-MA
TV Show,Not Given,Australia,2015,2 Seasons,Kids' TV,TV-Y,TV-Y
Movie,Vipin Parashar,India,2015,131 min,"Comedies, Dramas, International Movies",TV-PG,TV-14
Movie,Fernando Ayllón,Spain,2020,97 min,"Comedies, International Movies",TV-MA,TV-MA
Movie,"Sudesh Manjrekar, Atul Kale",India,2006,132 min,"Comedies, Dramas, International Movies",TV-14,TV-14
Movie,Rodrigo Reyes,United States,2019,25 min,"Documentaries, International Movies",TV-PG,TV-MA
Movie,Aditya Kripalani,India,2017,151 min,"Dramas, International Movies",TV-MA,TV-14
Movie,Leslie Small,United States,2019,94 min,"Children & Family Movies, Dramas",TV-PG,TV-PG
Movie,Savage Steve Holland,United States,2012,68 min,"Children & Family Movies, Comedies, Music & Musicals",TV-PG,TV-Y7
Movie,Seiji Mizushima,Japan,2014,103 min,"Action & Adventure, Anime Features, Sci-Fi & Fantasy",TV-MA,TV-MA
Movie,Anthony Minghella,United States,1999,139 min,"Dramas, Thrillers",R,R
Movie,Volker Weicker,Germany,2016,69 min,Stand-Up Comedy,TV-MA,TV-MA
Movie,Just Philippot,France,2021,102 min,"Horror Movies, Independent Movies, International Movies",TV-14,TV-MA
TV Show,Not Given,South Korea,2019,1 Season,"International TV Shows, Korean TV Shows, TV Horror",TV-MA,TV-MA
Movie,Christopher Guest,United States,2018,92 min,Music & Musicals,TV-14,TV-MA
TV Show,Not Given,Japan,2014,2 Seasons,"Anime Series, Romantic TV Shows, Teen TV Shows",TV-PG,TV-MA
Movie,Obi Emelonye,Nigeria,2012,76 min,"Dramas, International Movies",TV-14,TV-14
Movie,"Pablo Stoll, Juan Pablo Rebella",Uruguay,2004,98 min,"Comedies, Dramas, International Movies",TV-MA,TV-14
Movie,Ksshitij Chaudhary,India,2013,128 min,"Comedies, International Movies, Music & Musicals",TV-PG,TV-14
Movie,Kittiphak Thonguam,Thailand,2019,108 min,"Comedies, International Movies, LGBTQ Movies",TV-MA,TV-MA
TV Show,Not Given,Canada,2019,3 Seasons,Docuseries,TV-MA,TV-MA
TV Show,Han Qing,China,2018,1 Season,"International TV Shows, TV Comedies, TV Dramas",TV-14,TV-MA
Movie,Jonathan Ignatius Green,United States,2018,87 min,Documentaries,TV-MA,TV-MA
Movie,"Grant Korgan, Brian Niles",United States,2018,90 min,"Documentaries, Sports Movies",TV-MA,TV-MA
Movie,Sohail Khan,India,1999,126 min,"Action & Adventure, Comedies, International Movies",TV-14,TV-14
Movie,Lara Saba,Lebanon,2012,91 min,"Dramas, International Movies",TV-MA,TV-MA
Movie,Shazia Javed,Canada,2018,53 min,"Documentaries, Faith & Spirituality",TV-PG,TV-MA
Movie,Naoko Yamada,Japan,2011,110 min,"Anime Features, Music & Musicals",TV-PG,TV-14
TV Show,Not Given,Japan,1995,1 Season,"Anime Series, International TV Shows",TV-MA,TV-14
TV Show,Not Given,United States,2011,1 Season,"Kids' TV, TV Action & Adventure, TV Sci-Fi & Fantasy",TV-PG,TV-Y7
TV Show,Not Given,Pakistan,2018,1 Season,"Docuseries, Kids' TV, Science & Nature TV",TV-G,TV-MA
Movie,Parambrata Chatterjee,India,2015,155 min,"Dramas, International Movies, Sports Movies",TV-14,TV-14
TV Show,Not Given,Pakistan,2018,1 Season,"International TV Shows, Reality TV, Romantic TV Shows",TV-MA,TV-MA
TV Show,Not Given,United States,2021,3 Seasons,"Romantic TV Shows, TV Dramas",TV-14,TV-MA
TV Show,Not Given,United States,2021,1 Season,Reality TV,TV-PG,TV-PG
Movie,Hakan Algül,Turkey,2011,106 min,"Comedies, International Movies, Romantic Movies",TV-PG,TV-MA
Movie,María Jose Cuevas,Mexico,2016,92 min,"Documentaries, International Movies",TV-MA,TV-MA
Movie,Daniel Alfredson,United States,2015,90 min,Thrillers,PG-13,R
Movie,Daniel Gray Longino,United States,2019,32 min,Comedies,TV-14,TV-MA
Movie,Frédéric Tonolli,France,2015,53 min,"Documentaries, International Movies",TV-14,TV-14
Movie,"Sebastian Jones, Ramez Silyan",United States,2019,116 min,"Documentaries, Music & Musicals",TV-MA,TV-MA
Movie,Saravana Rajan,India,2019,132 min,"Action & Adventure, Comedies, Dramas",TV-14,TV-14
Movie,Bryan Singer,United States,2006,154 min,"Action & Adventure, Sci-Fi & Fantasy",PG-13,PG-13
TV Show,Not Given,United States,2021,1 Season,"Romantic TV Shows, TV Comedies, TV Dramas",TV-14,TV-MA
Movie,Jorge Granier,Venezuela,2007,82 min,"Documentaries, International Movies",NR,TV-14
TV Show,Not Given,Japan,2018,3 Seasons,"Anime Series, International TV Shows",TV-MA,TV-14
Movie,Jan-Peter Horns,Germany,2020,60 min,Stand-Up Comedy,TV-MA,TV-MA
Movie,Steve Ball,Canada,2020,25 min,Children & Family Movies,TV-Y,TV-Y
Movie,Chito S. Roño,Philippines,2006,101 min,"Horror Movies, International Movies",TV-PG,TV-MA
TV Show,Not Given,Turkey,2021,1 Season,"International TV Shows, TV Dramas, TV Thrillers",TV-MA,TV-MA
Movie,Not Given,United States,2020,92 min,"Documentaries, International Movies, Music & Musicals",TV-MA,TV-MA
Movie,David Koepp,United States,1996,94 min,Thrillers,R,R
Movie,Simon Verhoeven,Germany,2016,92 min,"Horror Movies, International Movies",R,TV-MA
Movie,Leli Maki,Canada,2018,104 min,"Comedies, Dramas, International Movies",TV-MA,TV-MA
Movie,Steven Spielberg,United States,2008,123 min,"Action & Adventure, Children & Family Movies, Sci-Fi & Fantasy",PG-13,PG
Movie,Matthew Vaughn,United Kingdom,2004,105 min,"Independent Movies, International Movies, Thrillers",R,PG-13
Movie,Sean Anders,United States,2008,109 min,Comedies,R,PG-13
Movie,Ron Myrick,United States,2011,32 min,Children & Family Movies,TV-Y,TV-Y7
TV Show,Peter McDonnell,United States,2018,3 Seasons,Docuseries,TV-PG,TV-MA
Movie,Rob W. King,Canada,2017,94 min,"Action & Adventure, Sci-Fi & Fantasy",R,TV-MA
Movie,Sermiyan Midyat,Turkey,2016,107 min,"Action & Adventure, Comedies, International Movies",TV-MA,TV-MA
TV Show,Laurent Bouzereau,Not Given,2017,1 Season,Docuseries,TV-MA,TV-MA
TV Show,Not Given,Pakistan,2020,2 Seasons,"Reality TV, Romantic TV Shows",TV-MA,TV-MA
TV Show,Not Given,United Kingdom,2005,1 Season,"British TV Shows, Crime TV Shows, Docuseries",TV-14,TV-14
Movie,Charles Officer,Canada,2018,91 min,Documentaries,TV-PG,TV-MA
Movie,George Ford,Not Given,2015,60 min,Movies,TV-G,TV-G
Movie,Hrishikesh Mukherjee,India,1972,125 min,"Classic Movies, Comedies, Dramas",TV-PG,TV-PG
TV Show,Not Given,Pakistan,2021,1 Season,"British TV Shows, Crime TV Shows, Docuseries",TV-14,TV-MA
Movie,Stanley Nelson,United States,2021,90 min,Documentaries,TV-MA,TV-14
TV Show,Not Given,United States,2017,1 Season,"Kids' TV, TV Comedies",TV-Y7,TV-Y7
Movie,Roman Polanski,United States,1968,137 min,"Classic Movies, Horror Movies, Thrillers",R,R
Movie,Olivier Abbou,France,2019,98 min,"International Movies, Thrillers",TV-MA,TV-MA
Movie,Amar Kaushik,India,2018,127 min,"Comedies, Horror Movies, Independent Movies",TV-MA,TV-14
Movie,Priyadarshan,India,2009,132 min,"Dramas, International Movies",TV-PG,TV-14
Movie,"Fajar Bustomi, Pidi Baiq",Indonesia,2019,118 min,"Dramas, International Movies, Romantic Movies",TV-14,TV-14
Movie,Marwan Hamed,Egypt,2019,130 min,"Horror Movies, International Movies, Thrillers",TV-MA,TV-14
Movie,Chakri Toleti,India,2019,107 min,"International Movies, Thrillers",TV-14,TV-MA
Movie,Orson Welles,France,2018,122 min,"Classic Movies, Dramas, Independent Movies",R,TV-MA
Movie,"Vonda Harrell, Daniel Camenisch",United States,2018,66 min,"Documentaries, Faith & Spirituality",TV-PG,TV-MA
Movie,Laura VanZee Taylor,United States,2018,54 min,Documentaries,TV-14,TV-PG
Movie,"Kevin Ko, Peter Tsi",Taiwan,2020,101 min,"Action & Adventure, International Movies, Romantic Movies",TV-14,TV-MA
TV Show,Not Given,Pakistan,2016,1 Season,Docuseries,TV-14,TV-PG
Movie,Masaaki Yuasa,Japan,2017,113 min,"Anime Features, Music & Musicals, Sci-Fi & Fantasy",PG,TV-MA
TV Show,Not Given,United States,2019,1 Season,"Kids' TV, TV Action & Adventure, TV Dramas",TV-PG,TV-MA
Movie,Eric Meza,United States,1994,94 min,"Comedies, Music & Musicals",R,R
Movie,Dee Rees,United States,2020,116 min,"Dramas, Thrillers",R,R
Movie,Roger Donaldson,United States,2014,108 min,Action & Adventure,R,R
Movie,Jared Hess,United States,2015,96 min,Comedies,PG-13,R
TV Show,Not Given,Taiwan,2016,1 Season,"Crime TV Shows, International TV Shows, TV Dramas",TV-14,TV-MA
Movie,Sian Heder,United States,2016,112 min,"Dramas, Independent Movies",TV-MA,R
TV Show,Not Given,Japan,2021,5 Seasons,"Anime Series, International TV Shows",TV-14,TV-14
Movie,Ifa Isfansyah,Indonesia,2011,105 min,"Dramas, International Movies, Romantic Movies",TV-MA,TV-14
Movie,Indra Kumar,India,2014,127 min,"Comedies, Dramas, International Movies",TV-PG,TV-14
Movie,Oliver Bokelberg,United States,2020,81 min,"Children & Family Movies, Documentaries",TV-PG,TV-PG
Movie,"Thurop Van Orman, John Rice",Finland,2019,97 min,"Children & Family Movies, Comedies",PG,PG
Movie,Scott Stewart,United States,2010,100 min,"Action & Adventure, Horror Movies, Sci-Fi & Fantasy",R,R
Movie,Leena Yadav,India,2018,119 min,"Comedies, Dramas, International Movies",TV-MA,TV-14
Movie,"Petra Costa, Lea Glob",Denmark,2014,82 min,"Dramas, Independent Movies, International Movies",TV-MA,TV-MA
TV Show,Not Given,United Kingdom,2015,3 Seasons,"British TV Shows, Docuseries, Science & Nature TV",TV-PG,TV-PG
Movie,Nicole Conn,United States,2012,110 min,"Dramas, Independent Movies, LGBTQ Movies",TV-MA,R
Movie,Jeffrey Walker,Australia,2018,110 min,"Comedies, Independent Movies, International Movies",TV-MA,TV-MA
Movie,"Ian Cheney, Sharon Shattuck",United States,2020,97 min,Documentaries,TV-MA,TV-MA
Movie,Tanawat Aiemjinda,Thailand,2019,103 min,"Children & Family Movies, Dramas, International Movies",TV-14,TV-MA
Movie,Greg MacGillivray,United States,2017,42 min,Documentaries,TV-G,TV-G
Movie,Hakan Algül,Turkey,2015,102 min,"Comedies, International Movies",TV-MA,TV-MA
TV Show,Not Given,United States,2005,1 Season,Kids' TV,TV-Y7,TV-Y7
Movie,Paul Urkijo Alijo,Spain,2018,99 min,"Horror Movies, International Movies, Sci-Fi & Fantasy",TV-MA,TV-MA
Movie,Ryu Jung-woo,United States,2016,48 min,Children & Family Movies,TV-Y7,TV-Y
Movie,Kim Joo-hyung,South Korea,2019,63 min,Stand-Up Comedy,TV-MA,TV-MA
Movie,Jon Greenhalgh,United States,2016,91 min,"Documentaries, Sports Movies",TV-MA,TV-MA
TV Show,Not Given,United States,2018,1 Season,TV Comedies,TV-14,TV-MA
Movie,Peter Segal,United States,2004,99 min,"Comedies, Romantic Movies",PG-13,PG-13
TV Show,Not Given,France,2009,1 Season,"Docuseries, International TV Shows",TV-MA,TV-14
Movie,Shakti Samanta,India,1960,158 min,"Comedies, Dramas, International Movies",TV-PG,TV-14
Movie,Yibrán Asuad,Mexico,2020,90 min,"Comedies, International Movies, Romantic Movies",TV-14,TV-MA
Movie,Hardik Mehta,India,2015,29 min,"Documentaries, International Movies",TV-14,TV-14
Movie,Phillip Noyce,United States,1993,107 min,Thrillers,R,R
TV Show,Not Given,Pakistan,2021,1 Season,Docuseries,TV-14,TV-MA
TV Show,"Ellena Wood, Jesse Vile",United Kingdom,2020,1 Season,"British TV Shows, Crime TV Shows, Docuseries",TV-MA,TV-MA
Movie,"Joe Murray, Cosmo Segurson",United States,2019,46 min,"Children & Family Movies, Comedies, LGBTQ Movies",TV-Y7,TV-MA
Movie,Khaled Marei,Egypt,2008,116 min,"Dramas, International Movies",TV-14,TV-14
TV Show,Not Given,United Kingdom,2018,1 Season,"British TV Shows, International TV Shows, Reality TV",TV-14,TV-PG
TV Show,Not Given,Japan,2018,1 Season,"Anime Series, International TV Shows, Romantic TV Shows",TV-14,TV-PG
Movie,Sandeep Chatterjee,India,2017,99 min,"Horror Movies, Independent Movies, International Movies",TV-14,TV-MA
TV Show,Not Given,United Kingdom,1972,1 Season,"International TV Shows, TV Comedies",TV-MA,TV-MA
Movie,Rob Minkoff,Germany,1999,85 min,"Children & Family Movies, Comedies",PG,PG
Movie,"Rajveer Singh Maan, Harpeet Singh",India,2012,116 min,"Dramas, International Movies, Romantic Movies",TV-14,TV-14
Movie,Buddhadev Dasgupta,India,2016,87 min,"Dramas, Independent Movies, International Movies",TV-14,TV-14
TV Show,Not Given,Japan,2012,2 Seasons,"Anime Series, International TV Shows",TV-MA,TV-MA
Movie,Gregory Caruso,United States,2018,83 min,"Dramas, Independent Movies, Music & Musicals",TV-MA,TV-MA
Movie,David Wain,United States,2018,102 min,Comedies,TV-MA,TV-MA
Movie,Ben Wheatley,United Kingdom,2020,123 min,"Dramas, Romantic Movies, Thrillers",PG-13,R
Movie,Perry Lang,United States,2018,97 min,"Dramas, Faith & Spirituality",TV-PG,TV-PG
Movie,Eric Juhola,United States,2016,82 min,"Documentaries, LGBTQ Movies",TV-PG,TV-MA
TV Show,Not Given,United States,2019,1 Season,Kids' TV,TV-PG,TV-Y
Movie,Gabriele Muccino,United States,2006,117 min,Dramas,PG-13,PG-13
TV Show,Not Given,United States,2020,2 Seasons,Docuseries,TV-MA,TV-MA
Movie,Carlos Therón,Spain,2017,93 min,"Comedies, International Movies",TV-MA,TV-MA
Movie,Harald Zwart,Norway,2018,130 min,"Action & Adventure, Dramas, International Movies",TV-MA,TV-MA
Movie,Vikramaditya Motwane,India,2018,150 min,"Dramas, International Movies, Sci-Fi & Fantasy",TV-14,TV-MA
Movie,Upi Avianto,Indonesia,2019,95 min,"Comedies, International Movies",TV-14,TV-MA
Movie,Sridhar Jetty,Indonesia,2015,115 min,"Comedies, International Movies, Romantic Movies",TV-14,TV-14
Movie,Poj Arnon,Thailand,2011,103 min,"Comedies, Horror Movies, International Movies",TV-MA,TV-MA
TV Show,Not Given,Australia,2020,1 Season,"International TV Shows, Kids' TV, TV Mysteries",TV-G,TV-MA
Movie,Yesim Ustaoglu,Turkey,2016,102 min,"Dramas, International Movies",TV-MA,TV-MA
Movie,"Marcelo Altmark, Mariano Mucci, Luis A. Scalella",Argentina,2019,105 min,"Documentaries, International Movies, Sports Movies",TV-G,TV-MA
TV Show,Not Given,United States,2016,1 Season,"Docuseries, International TV Shows, Reality TV",TV-14,TV-14
TV Show,Not Given,United States,2021,3 Seasons,"TV Comedies, TV Dramas",TV-MA,TV-MA
Movie,Sofie Šustková,Not Given,2018,76 min,"Dramas, Independent Movies, International Movies",TV-MA,TV-MA
TV Show,Not Given,India,2020,1 Season,"International TV Shows, TV Action & Adventure, TV Horror",TV-MA,TV-MA
Movie,Deepika Narayan Bhardwaj,India,2016,83 min,"Documentaries, International Movies",TV-14,TV-14
Movie,Antoinette Jadaone,Philippines,2017,111 min,"Comedies, International Movies, Romantic Movies",TV-14,TV-14
Movie,Arthur Penn,United States,1967,111 min,"Action & Adventure, Classic Movies, Dramas",R,R
Movie,Marc Meyers,United States,2020,90 min,"Horror Movies, Thrillers",R,TV-MA
TV Show,Not Given,Japan,2017,1 Season,"International TV Shows, TV Dramas",TV-PG,TV-PG
Movie,Shivam Nair,India,2006,122 min,"Dramas, International Movies, Romantic Movies",TV-14,TV-14
Movie,Sam Raimi,United States,2007,139 min,"Action & Adventure, Sci-Fi & Fantasy",PG-13,PG-13
Movie,Jameel Buari,Not Given,2020,98 min,"Dramas, International Movies",TV-14,TV-14
TV Show,Not Given,United States,2015,1 Season,TV Comedies,TV-MA,TV-MA
Movie,Brandon Dickerson,United States,2015,110 min,Dramas,PG-13,R
Movie,Victor Zarcoff,United States,2015,90 min,"Horror Movies, Independent Movies, Thrillers",NR,TV-MA
Movie,Kenny Leon,United States,2019,90 min,Dramas,TV-MA,TV-MA
Movie,Colin Minihan,Canada,2018,99 min,"LGBTQ Movies, Thrillers",R,TV-MA
TV Show,Not Given,Pakistan,2018,1 Season,"Anime Series, Kids' TV",TV-Y7,TV-Y7
Movie,Justin G. Dyck,Canada,2018,92 min,"Comedies, International Movies, Romantic Movies",PG,PG
Movie,Nonzee Nimibutr,Thailand,1999,101 min,"Horror Movies, International Movies, Romantic Movies",TV-MA,TV-MA
TV Show,Not Given,Japan,2019,1 Season,"Anime Series, International TV Shows, TV Thrillers",TV-14,TV-MA
TV Show,Not Given,United States,2021,1 Season,Docuseries,TV-14,TV-14
Movie,Israel Adrián Caetano,Argentina,2017,113 min,"Dramas, International Movies",TV-MA,TV-MA
Movie,Haile Gerima,United States,1993,125 min,"Dramas, Independent Movies, International Movies",TV-MA,R
TV Show,Not Given,Italy,2019,3 Seasons,"International TV Shows, TV Dramas",TV-MA,TV-MA
TV Show,Not Given,France,2019,2 Seasons,"Kids' TV, TV Comedies",TV-Y7,TV-Y
TV Show,Not Given,South Korea,2015,2 Seasons,"Kids' TV, Korean TV Shows",TV-Y,TV-Y
TV Show,Not Given,United Kingdom,2019,5 Seasons,"British TV Shows, International TV Shows, TV Dramas",TV-MA,TV-MA
Movie,Michael Paul Stephenson,United States,2017,71 min,"Comedies, Independent Movies",TV-MA,TV-MA
Movie,"Paul Solet, Rick Benattar",Bulgaria,2017,94 min,"International Movies, Thrillers",R,TV-MA
TV Show,Not Given,South Korea,2017,1 Season,"International TV Shows, Korean TV Shows, Romantic TV Shows",TV-14,TV-MA
Movie,"Lasse Hallström, Joe Johnston",United States,2018,99 min,Children & Family Movies,PG,TV-Y
Movie,Priyadarshan,India,2006,151 min,"Comedies, International Movies, Romantic Movies",TV-14,TV-14
Movie,Tarek Al Eryan,Egypt,2017,126 min,"Action & Adventure, Dramas, International Movies",TV-MA,TV-14
TV Show,Not Given,Taiwan,2009,1 Season,"International TV Shows, Romantic TV Shows, TV Comedies",TV-MA,TV-MA
TV Show,Not Given,United Kingdom,2017,2 Seasons,"British TV Shows, International TV Shows, Romantic TV Shows",TV-MA,TV-MA
Movie,"Bert Marcus, Cyrus Saidi",United States,2017,96 min,"Documentaries, Music & Musicals",TV-MA,TV-MA
Movie,"Will McCormack, Michael Govier",United States,2020,13 min,Dramas,PG,TV-MA
TV Show,Phil Sgriccia,United States,2019,15 Seasons,"Classic & Cult TV, TV Action & Adventure, TV Horror",TV-14,TV-MA
Movie,V Vignarajan,India,2020,171 min,"Horror Movies, International Movies, Thrillers",TV-14,TV-14
TV Show,Not Given,United Kingdom,2019,2 Seasons,"British TV Shows, International TV Shows, TV Comedies",TV-MA,TV-MA
Movie,Roy Campanella II,United States,1988,93 min,"Dramas, Sports Movies",TV-PG,PG-13
Movie,Alex Díaz,Mexico,2021,49 min,Stand-Up Comedy,TV-MA,TV-MA
Movie,Jason Bourque,Canada,2018,88 min,"Dramas, Thrillers",TV-14,TV-MA
Movie,Jennifer Westcott,Canada,2018,90 min,Children & Family Movies,PG,TV-Y
Movie,Bassam Tariq,United States,2019,22 min,Documentaries,TV-MA,TV-MA
Movie,Suman Ghosh,India,2016,73 min,"Comedies, Dramas, Independent Movies",TV-14,TV-14
Movie,Imtiaz Ali,India,2017,142 min,"Comedies, International Movies, Romantic Movies",TV-MA,TV-14
Movie,Manny Rodriguez,United States,2012,76 min,Stand-Up Comedy,TV-MA,TV-MA
TV Show,Not Given,Pakistan,2021,2 Seasons,Kids' TV,TV-Y,TV-Y7
TV Show,Jakob Verbruggen,United Kingdom,2015,1 Season,"British TV Shows, Crime TV Shows, International TV Shows",TV-MA,TV-MA
Movie,Yacine Belhousse,France,2018,93 min,"Documentaries, International Movies",TV-MA,TV-MA
TV Show,"Andrew Tan, Stephen Murray",Denmark,2018,1 Season,Kids' TV,TV-Y,TV-Y
TV Show,Not Given,United Kingdom,2014,1 Season,"British TV Shows, Crime TV Shows, Docuseries",TV-14,TV-14
Movie,Johnny Breedt,South Africa,2015,90 min,"International Movies, Thrillers",TV-MA,TV-MA
Movie,Christopher Nolen,United States,2018,81 min,Romantic Movies,TV-MA,TV-MA
TV Show,Not Given,United States,2016,1 Season,Kids' TV,TV-Y,TV-Y7
TV Show,Not Given,United States,2019,3 Seasons,"TV Comedies, TV Horror, TV Thrillers",TV-MA,TV-MA
Movie,Sooraj R. Barjatya,India,1994,193 min,"Classic Movies, Dramas, International Movies",TV-14,TV-14
TV Show,Not Given,Pakistan,2015,1 Season,"International TV Shows, TV Dramas",TV-PG,TV-PG
Movie,Danishka Esterhazy,Canada,2018,102 min,"Sci-Fi & Fantasy, Thrillers",TV-14,TV-MA
Movie,"Mike Rianda, Jeff Rowe",Not Given,2021,114 min,"Children & Family Movies, Comedies",PG,TV-Y7
TV Show,Lars Kaalund,Denmark,2015,1 Season,"International TV Shows, TV Comedies, TV Dramas",TV-MA,TV-MA
Movie,Leslye Headland,United States,2015,101 min,"Comedies, Dramas, Independent Movies",R,R
Movie,Not Given,Pakistan,2017,54 min,"Documentaries, International Movies",TV-MA,TV-MA
Movie,Angga Dwimas Sasongko,Indonesia,2016,98 min,"Dramas, International Movies, Romantic Movies",TV-14,TV-14
Movie,Uduak-Obong Patrick,Not Given,2020,107 min,"Dramas, International Movies",TV-MA,TV-14
TV Show,Not Given,United Kingdom,2017,2 Seasons,"British TV Shows, Crime TV Shows, Docuseries",TV-MA,TV-MA
Movie,Olivier Assayas,France,2014,124 min,"Dramas, International Movies",R,TV-MA
Movie,Werner Herzog,United States,2016,98 min,Documentaries,PG-13,TV-MA
Movie,"Anthony Scott Burns, Nicholas McCarthy, Adam Egypt Mortimer, Gary Shore, Kevin Smith, Sarah Adina Smith, Scott Stewart, Kevin Kolsch, Dennis Widmyer",United States,2016,106 min,"Comedies, Horror Movies",TV-MA,TV-MA
Movie,Raj Kaushal,India,2006,122 min,"Comedies, Dramas, International Movies",TV-14,TV-14
Movie,Nikhil Advani,India,2015,132 min,"Comedies, Dramas, International Movies",TV-14,TV-14
Movie,David Oyelowo,United States,2021,92 min,"Children & Family Movies, Dramas",PG,TV-PG
Movie,Jatla Siddartha,India,2017,110 min,"Dramas, Independent Movies, International Movies",TV-MA,TV-14
Movie,Laxman Utekar,India,2021,132 min,"Comedies, Dramas, International Movies",TV-14,TV-14
Movie,Hallie Meyers-Shyer,United States,2017,97 min,"Comedies, Dramas, Romantic Movies",PG-13,TV-MA
TV Show,Not Given,France,2017,1 Season,Kids' TV,TV-Y,TV-Y
Movie,Chito S. Roño,Philippines,2008,131 min,"Dramas, International Movies",TV-14,TV-MA
Movie,Elizabeth Chai Vasarhelyi,United States,2015,90 min,Documentaries,TV-MA,TV-MA
Movie,Achille Brice,Not Given,2018,95 min,"Comedies, Dramas, International Movies",TV-14,TV-MA
TV Show,Not Given,Japan,2008,2 Seasons,"Anime Series, International TV Shows, Romantic TV Shows",TV-14,TV-14
TV Show,Not Given,United Kingdom,2011,1 Season,"British TV Shows, Docuseries, International TV Shows",TV-G,TV-PG
Movie,Adam McKay,United States,2008,98 min,Comedies,R,PG-13
Movie,Salima Koroma,United States,2016,83 min,"Documentaries, Music & Musicals",TV-MA,TV-MA
Movie,Prakash Mehra,India,1982,171 min,"Action & Adventure, Comedies, International Movies",TV-14,TV-14
Movie,Daniela Goggi,Argentina,2015,90 min,"Dramas, International Movies",TV-MA,TV-MA
Movie,JP Habac,Philippines,2020,99 min,"Dramas, International Movies, Romantic Movies",TV-MA,TV-MA
Movie,Amitava Bhattacharya,India,2017,112 min,"Dramas, International Movies",TV-14,TV-14
Movie,"Jan Suter, Raúl Campos",Mexico,2017,72 min,Stand-Up Comedy,TV-MA,TV-MA
TV Show,Not Given,United States,2019,1 Season,"Crime TV Shows, International TV Shows, Spanish-Language TV Shows",TV-MA,TV-MA
Movie,Patryk Vega,Poland,2018,94 min,"International Movies, Thrillers",TV-MA,TV-MA
Movie,David E. Talbert,United States,2017,89 min,"Comedies, Dramas",TV-MA,TV-MA
Movie,Marco Pontecorvo,Portugal,2020,113 min,"Dramas, Faith & Spirituality",PG-13,TV-MA
Movie,Ridley Scott,United States,1982,117 min,"Action & Adventure, Classic Movies, Cult Movies",R,R
Movie,Ashutosh Gowariker,India,2004,185 min,"Dramas, International Movies",TV-PG,TV-14
Movie,Chris Sivertson,United States,2017,87 min,Thrillers,TV-MA,TV-14
Movie,Jon Alpert,United States,2017,114 min,Documentaries,TV-14,TV-MA
Movie,Laxman Utekar,India,2019,125 min,"Comedies, International Movies, Romantic Movies",TV-PG,TV-14
Movie,Adam Leon,United States,2017,83 min,"Dramas, Independent Movies, Romantic Movies",TV-MA,TV-MA
Movie,Anton Corbijn,United States,2010,105 min,"Dramas, Thrillers",R,R
Movie,Rhys Thomas,United States,2019,70 min,"Children & Family Movies, Comedies",TV-PG,PG
Movie,"Ahmed Yousry, Hazem Fouda",Egypt,2008,100 min,"Comedies, International Movies",TV-MA,TV-14
TV Show,Not Given,Poland,2021,1 Season,"International TV Shows, TV Comedies, TV Dramas",TV-MA,TV-MA
Movie,Ron Howard,United States,2000,105 min,"Children & Family Movies, Comedies",PG,PG
TV Show,Not Given,United States,2017,1 Season,"Crime TV Shows, TV Action & Adventure, TV Dramas",TV-MA,TV-MA
Movie,"Ritu Sarin, Tenzing Sonam",United Kingdom,2013,75 min,"Documentaries, International Movies",NR,TV-MA
Movie,Charlie Lightening,United States,2018,70 min,"Documentaries, Music & Musicals",TV-PG,TV-MA
TV Show,Not Given,United States,2018,1 Season,"Stand-Up Comedy & Talk Shows, TV Comedies",TV-MA,TV-MA
TV Show,Not Given,United States,2016,1 Season,Docuseries,TV-14,TV-PG
Movie,Nicholas Winter,United Kingdom,2018,92 min,"Action & Adventure, Independent Movies, International Movies",TV-14,TV-MA
TV Show,Not Given,Japan,2019,1 Season,"Anime Series, International TV Shows",TV-14,TV-14
Movie,Kate Horne,Colombia,2018,73 min,"Documentaries, International Movies",TV-14,TV-MA
Movie,"Limbert Fabian, Brandon Oldenburg",United States,2014,3 min,"Children & Family Movies, Sci-Fi & Fantasy",TV-Y,PG
TV Show,Not Given,Canada,2021,2 Seasons,"International TV Shows, Reality TV",TV-14,TV-MA
TV Show,Not Given,Taiwan,2011,1 Season,"International TV Shows, Romantic TV Shows, TV Comedies",TV-14,TV-14
Movie,Roger Young,United States,1991,93 min,"Dramas, Thrillers",TV-14,R
TV Show,Not Given,South Korea,2017,1 Season,"International TV Shows, Korean TV Shows, Romantic TV Shows",TV-14,TV-MA
Movie,Nawapol Thamrongrattanarit,Thailand,2018,108 min,"Documentaries, International Movies, Music & Musicals",TV-14,TV-MA
Movie,Digo Ricio,Philippines,2018,93 min,"Dramas, International Movies, Romantic Movies",TV-14,TV-14
Movie,Not Given,Pakistan,2019,67 min,"Children & Family Movies, Comedies",TV-Y7,TV-Y
TV Show,Not Given,Canada,2011,2 Seasons,Kids' TV,TV-Y7,TV-Y
Movie,Abbas Mustan,India,1998,155 min,"Comedies, Dramas, International Movies",TV-14,TV-14
Movie,Yanyong Kuruaungkoul,Thailand,2015,111 min,"Comedies, International Movies, Music & Musicals",TV-14,TV-MA
Movie,McG,United States,2014,117 min,Action & Adventure,PG-13,R
Movie,Constance Marks,United States,2011,76 min,Documentaries,PG,TV-MA
TV Show,Not Given,United States,2020,1 Season,"Crime TV Shows, Docuseries, International TV Shows",TV-14,TV-MA
Movie,Rizal Mantovani,Indonesia,2018,106 min,"Horror Movies, International Movies",TV-14,TV-MA
Movie,"Ali Bin Matar, Ibrahim Bin Mohamed",United Arab Emirates,2016,97 min,"Action & Adventure, Dramas, International Movies",TV-PG,TV-MA
Movie,Philipp Stölzl,Germany,2013,155 min,"Action & Adventure, Dramas, International Movies",R,TV-MA
TV Show,Not Given,United States,2020,3 Seasons,"Crime TV Shows, TV Dramas, TV Thrillers",TV-MA,TV-MA
Movie,Shreyas Talpade,India,2017,128 min,"Comedies, International Movies",PG-13,TV-14
Movie,Ketan Mehta,India,1995,154 min,"Action & Adventure, Comedies, International Movies",TV-14,TV-14
Movie,Ross Boyask,United Kingdom,2018,93 min,Action & Adventure,R,R
TV Show,Not Given,Turkey,2016,3 Seasons,"International TV Shows, Romantic TV Shows, TV Dramas",TV-MA,TV-MA
TV Show,Not Given,Mexico,2020,3 Seasons,"International TV Shows, Spanish-Language TV Shows, TV Comedies",TV-MA,TV-MA
TV Show,Not Given,Saudi Arabia,2014,2 Seasons,"International TV Shows, TV Dramas",TV-14,TV-MA
TV Show,Masaaki Yuasa,Japan,2018,1 Season,"Anime Series, International TV Shows, TV Horror",TV-MA,TV-MA
Movie,"Mark Thornton, Todd Kauffman",Canada,2019,24 min,Children & Family Movies,TV-Y,TV-Y
Movie,"Andrew Duncan, Ken Cunningham",United States,2019,22 min,"Children & Family Movies, Comedies",TV-Y,PG
Movie,Steve Paley,United States,2019,78 min,Stand-Up Comedy,TV-MA,TV-MA
TV Show,Not Given,United States,2021,2 Seasons,"TV Action & Adventure, TV Dramas, Teen TV Shows",TV-MA,TV-MA
Movie,Chia Tang,Hong Kong,1984,86 min,"Action & Adventure, International Movies",TV-MA,TV-14
TV Show,Not Given,Pakistan,2018,2 Seasons,"Kids' TV, TV Comedies",TV-Y7,TV-Y7
Movie,John Lee Hancock,United States,2019,132 min,Dramas,R,PG-13
Movie,Bill Oliver,United States,2018,101 min,"Dramas, Independent Movies, Sci-Fi & Fantasy",TV-MA,TV-MA
TV Show,Not Given,Pakistan,2021,1 Season,"Anime Series, International TV Shows",TV-MA,TV-MA
Movie,Trivikram Srinivas,India,2020,162 min,"Action & Adventure, Comedies, Dramas",TV-14,TV-14
TV Show,Not Given,Japan,2020,1 Season,"Anime Series, International TV Shows",TV-MA,TV-14
Movie,Antonio Serrano,Mexico,1999,111 min,"Comedies, Dramas, International Movies",R,TV-MA
Movie,Rebecca Addelman,Canada,2018,89 min,"Dramas, Independent Movies, Romantic Movies",TV-MA,TV-MA
Movie,Ketan Mehta,France,1993,122 min,"Dramas, International Movies, Music & Musicals",TV-14,TV-MA
Movie,S.A. Zaidi,United Arab Emirates,2016,90 min,"International Movies, Sci-Fi & Fantasy",TV-14,TV-MA
Movie,Lone Scherfig,United Kingdom,2014,107 min,"Dramas, International Movies",R,TV-MA
TV Show,Not Given,United States,2018,1 Season,"TV Dramas, TV Horror, TV Mysteries",TV-MA,TV-MA
Movie,Ahmed Nader Galal,Egypt,2009,115 min,"Comedies, Dramas, International Movies",TV-14,TV-14
TV Show,Not Given,United Kingdom,2017,2 Seasons,"British TV Shows, Crime TV Shows, International TV Shows",TV-MA,TV-MA
TV Show,Not Given,United States,2019,3 Seasons,"Crime TV Shows, TV Action & Adventure, TV Dramas",TV-MA,TV-MA
TV Show,Not Given,South Korea,2019,1 Season,"International TV Shows, Korean TV Shows, TV Action & Adventure",TV-14,TV-MA
Movie,Sam de Jong,United States,2019,89 min,Dramas,TV-MA,TV-MA
TV Show,Not Given,Pakistan,2016,2 Seasons,"International TV Shows, TV Comedies",TV-MA,TV-MA
Movie,Alexandros Avranas,United Kingdom,2016,93 min,"Dramas, Thrillers",R,R
Movie,Chinaza Onuzo,Nigeria,2020,106 min,"Comedies, International Movies, Romantic Movies",TV-MA,TV-14
Movie,Martin Campbell,United Kingdom,2006,145 min,Action & Adventure,PG-13,PG-13
TV Show,Not Given,Pakistan,2021,1 Season,"International TV Shows, Romantic TV Shows, TV Comedies",TV-MA,TV-MA
TV Show,Stefano Lodovichi,Italy,2019,1 Season,"Crime TV Shows, International TV Shows, TV Dramas",TV-MA,TV-MA
Movie,Clint Eastwood,Germany,2008,117 min,Dramas,R,PG-13
TV Show,Not Given,France,2020,1 Season,"International TV Shows, TV Action & Adventure, TV Dramas",TV-MA,TV-MA
Movie,Michael Dowse,United States,2020,88 min,"Action & Adventure, Comedies",TV-MA,TV-MA
Movie,Aanand Rai,India,2011,114 min,"Comedies, Dramas, International Movies",TV-14,TV-14
Movie,Joshua Oppenheimer,Denmark,2014,103 min,"Documentaries, International Movies",PG-13,TV-MA
Movie,Lukasz Kosmicki,Poland,2019,103 min,"Dramas, International Movies, Thrillers",TV-MA,TV-MA
Movie,David Frankel,United States,2016,97 min,Dramas,PG-13,TV-MA
Movie,"Adam Collins, Luke Radford",United Kingdom,2018,102 min,Action & Adventure,TV-MA,R
Movie,Nagesh Kukunoor,India,2015,114 min,"Comedies, Dramas, Independent Movies",TV-PG,TV-14
TV Show,Not Given,Pakistan,2020,2 Seasons,Kids' TV,TV-Y,TV-Y7
TV Show,"Sudha Kongara, Vignesh Shivan, Gautham Vasudev Menon, Vetri Maaran",India,2020,1 Season,"International TV Shows, TV Dramas",TV-MA,TV-MA
TV Show,Not Given,United States,2019,1 Season,Reality TV,TV-MA,TV-MA
Movie,Patrick Brice,United States,2014,78 min,"Horror Movies, Independent Movies, Thrillers",R,TV-MA
Movie,Oliver Twinch,United States,2017,52 min,Documentaries,TV-PG,TV-PG
TV Show,Not Given,United Kingdom,2018,2 Seasons,"British TV Shows, Kids' TV",TV-Y,TV-Y
Movie,John Ridley,United States,2017,144 min,Documentaries,TV-MA,TV-MA
TV Show,Not Given,India,2020,1 Season,"International TV Shows, Reality TV",TV-MA,TV-MA
TV Show,Not Given,United States,2018,1 Season,"Romantic TV Shows, TV Comedies",TV-MA,TV-MA
Movie,Steve Carr,United States,2003,93 min,"Children & Family Movies, Comedies",PG,PG
Movie,Sam Liu,United States,2016,77 min,Action & Adventure,R,R
TV Show,Not Given,United Kingdom,2015,2 Seasons,"British TV Shows, Kids' TV",TV-Y,TV-Y
Movie,Mu Chu,Hong Kong,1973,81 min,"Action & Adventure, International Movies",NR,TV-14
Movie,Tiller Russell,United States,2014,104 min,Documentaries,R,TV-MA
Movie,Daniel McCabe,United States,2018,53 min,Documentaries,TV-G,TV-PG
TV Show,Not Given,United States,2019,1 Season,"Kids' TV, TV Action & Adventure, TV Comedies",TV-G,TV-Y7
Movie,Alina Teodorescu,United States,2010,51 min,Movies,TV-14,TV-MA
Movie,Alessandro Angulo,Colombia,2019,74 min,"Documentaries, International Movies",TV-14,TV-MA
TV Show,Not Given,United States,2018,1 Season,"Crime TV Shows, Docuseries",TV-MA,TV-MA
Movie,Marcus Raboy,United States,2018,74 min,Stand-Up Comedy,TV-14,TV-MA
Movie,Simon Wincer,Australia,1990,120 min,Action & Adventure,PG-13,R
TV Show,Not Given,India,2021,2 Seasons,"International TV Shows, Romantic TV Shows, TV Comedies",TV-MA,TV-MA
TV Show,Not Given,Pakistan,2021,1 Season,"International TV Shows, Romantic TV Shows, Spanish-Language TV Shows",TV-MA,TV-MA
Movie,Byeon Hee-sun,United States,2019,65 min,Children & Family Movies,TV-Y,TV-Y
TV Show,Not Given,United Kingdom,2018,1 Season,"British TV Shows, Docuseries",TV-14,TV-PG
TV Show,Alastair Fothergill,United Kingdom,2001,1 Season,"British TV Shows, Docuseries, International TV Shows",TV-G,TV-PG
Movie,Santosh Sivan,India,2001,168 min,"Action & Adventure, Dramas, International Movies",R,TV-14
Movie,Matt Kugelman,United States,2016,85 min,"Comedies, Independent Movies, LGBTQ Movies",TV-MA,TV-MA
Movie,Lance Bangs,United States,2013,95 min,Stand-Up Comedy,TV-MA,TV-MA
Movie,Kasra Farahani,United States,2016,97 min,"Dramas, Independent Movies, Thrillers",TV-MA,TV-MA
TV Show,Not Given,United States,2021,1 Season,Anime Series,TV-MA,TV-MA
Movie,Renato De Maria,Italy,2019,111 min,"Dramas, International Movies",TV-MA,TV-MA
Movie,Jessie Nelson,United States,2001,132 min,Dramas,PG-13,PG-13
Movie,John Smithson,United Kingdom,1994,63 min,Documentaries,TV-MA,TV-PG
TV Show,Not Given,Pakistan,2010,2 Seasons,"British TV Shows, Kids' TV",TV-Y,TV-Y
Movie,K. Ramanlal,India,1971,143 min,"Action & Adventure, Cult Movies, International Movies",TV-14,TV-14
Movie,Elle Callahan,United States,2018,90 min,"Horror Movies, Independent Movies",TV-MA,TV-MA
TV Show,Not Given,United States,2021,5 Seasons,Kids' TV,TV-Y,TV-Y7
Movie,Taylor Hackford,United States,2013,119 min,Action & Adventure,R,R
TV Show,Not Given,Israel,2015,1 Season,"Crime TV Shows, International TV Shows, TV Comedies",TV-MA,TV-MA
Movie,Don Michael Paul,South Africa,2015,99 min,"Comedies, Horror Movies, Sci-Fi & Fantasy",PG-13,TV-MA
Movie,Morgan Spurlock,United States,2016,88 min,Documentaries,NR,TV-MA
TV Show,Not Given,United Kingdom,2019,1 Season,"Kids' TV, TV Action & Adventure, TV Comedies",TV-Y7,TV-MA
Movie,Michael Patrick King,United States,2010,146 min,"Comedies, Dramas, Romantic Movies",R,R
Movie,Shantrelle P. Lewis,United States,2020,85 min,Documentaries,TV-MA,TV-MA
Movie,"Nana Ekvtimishvili, Simon Gross",Georgia,2017,119 min,"Dramas, Independent Movies, International Movies",TV-14,TV-MA
Movie,Smeep Kang,India,2013,117 min,"Comedies, International Movies",TV-14,TV-14
TV Show,Daniel Minahan,United States,2021,1 Season,TV Dramas,TV-MA,TV-MA
Movie,Tony Scott,United States,1991,105 min,"Action & Adventure, Comedies",R,R
TV Show,Not Given,Spain,2020,5 Seasons,"Crime TV Shows, International TV Shows, Spanish-Language TV Shows",TV-MA,TV-MA
Movie,Shikha Makan,India,2016,61 min,"Documentaries, International Movies",TV-MA,TV-MA
TV Show,Not Given,United States,2021,3 Seasons,"TV Dramas, TV Mysteries, TV Sci-Fi & Fantasy",TV-14,TV-MA
Movie,John Stephenson,United Kingdom,2013,100 min,"Dramas, Faith & Spirituality",PG,TV-MA
Movie,"Latif Faiziyev, Umesh Mehra",Soviet Union,1980,147 min,"Action & Adventure, International Movies, Sci-Fi & Fantasy",TV-14,R
Movie,Massy Tadjedin,United States,2010,93 min,"Dramas, Independent Movies, Romantic Movies",R,R
TV Show,Not Given,Pakistan,2015,1 Season,"British TV Shows, International TV Shows, Reality TV",TV-PG,TV-14
Movie,Taylor Sheridan,United Kingdom,2017,107 min,"Dramas, Independent Movies",R,R
TV Show,Not Given,Pakistan,2013,1 Season,"International TV Shows, TV Dramas",TV-PG,TV-14
Movie,Brian Skiba,United States,2020,93 min,Action & Adventure,TV-MA,R
Movie,Wong Jing,Hong Kong,1992,125 min,"Action & Adventure, Dramas, International Movies",TV-MA,TV-MA
Movie,Not Given,Italy,2017,96 min,Stand-Up Comedy,TV-MA,TV-MA
Movie,"Damien Piscarel, Florent Bodin",France,2017,121 min,"Documentaries, International Movies, Sports Movies",TV-14,TV-MA
Movie,"Aaron Hancox, Michael McNamara",Canada,2018,75 min,"Documentaries, International Movies",TV-PG,TV-MA
TV Show,Not Given,United States,2021,1 Season,"Docuseries, Reality TV",TV-MA,TV-MA
Movie,Will Gluck,United States,2018,95 min,"Children & Family Movies, Comedies",PG,PG
Movie,Serge Ou,Australia,2019,108 min,"Documentaries, International Movies",TV-MA,TV-MA
Movie,Matthew Shoychet,Canada,2018,78 min,"Documentaries, International Movies",TV-14,TV-MA
Movie,Atanu Ghosh,India,2015,127 min,"Comedies, Dramas, International Movies",TV-PG,TV-14
Movie,Youssef Chahine,Egypt,1979,131 min,"Classic Movies, Dramas, International Movies",TV-MA,TV-14
TV Show,Not Given,United States,2005,4 Seasons,TV Comedies,TV-14,TV-14
Movie,Baljit Singh Deo,India,2017,136 min,"Comedies, Dramas, International Movies",TV-14,TV-14
Movie,Kim Seong-hun,South Korea,2021,94 min,"Horror Movies, International Movies, Thrillers",TV-MA,TV-MA
Movie,Hernán Zin,Spain,2018,88 min,"Documentaries, International Movies",TV-MA,TV-MA
TV Show,Not Given,United States,2020,1 Season,TV Dramas,TV-MA,TV-MA
Movie,Luis Ara,Uruguay,2019,69 min,"Documentaries, International Movies, Sports Movies",TV-MA,TV-MA
Movie,Kazuchika Kise,Japan,2014,58 min,"Action & Adventure, Anime Features, International Movies",TV-MA,TV-14
TV Show,Not Given,Turkey,2020,1 Season,"International TV Shows, TV Dramas",TV-MA,TV-MA
Movie,RZA,United States,2020,123 min,Dramas,R,R
TV Show,Alastair Fothergill,United Kingdom,2011,1 Season,"British TV Shows, Docuseries, International TV Shows",TV-PG,TV-PG
Movie,Tony Leondis,United States,2008,87 min,Children & Family Movies,PG,PG
Movie,Gideon Raff,Canada,2019,130 min,"Dramas, Thrillers",TV-MA,TV-MA
Movie,Onur Bilgetay,Turkey,2019,110 min,"Comedies, International Movies, Romantic Movies",TV-MA,TV-MA
Movie,"Mitzi Vanessa Arreola, Amir Galvan Cervera",Mexico,2016,117 min,"Action & Adventure, Dramas, International Movies",TV-MA,TV-MA
TV Show,Not Given,United States,2016,2 Seasons,"TV Action & Adventure, TV Dramas",TV-MA,TV-MA
TV Show,Not Given,United States,2017,2 Seasons,TV Comedies,TV-14,TV-MA
TV Show,Not Given,Pakistan,2021,1 Season,Docuseries,TV-PG,TV-MA
TV Show,Go Koga,Japan,2017,2 Seasons,"Anime Series, Kids' TV",TV-Y7,TV-Y7
Movie,Chris Rock,Not Given,2021,98 min,Stand-Up Comedy,TV-MA,TV-MA
Movie,Syamsul Yusof,Malaysia,2018,104 min,"Horror Movies, International Movies",TV-MA,TV-MA
TV Show,Not Given,Brazil,2019,1 Season,"International TV Shows, Stand-Up Comedy & Talk Shows, TV Comedies",TV-MA,TV-MA
Movie,Mark Helfrich,United States,2007,99 min,"Comedies, Romantic Movies",R,PG-13
Movie,Joe Berlinger,United States,2013,86 min,Documentaries,TV-14,TV-MA
Movie,S.S. Rajamouli,Not Given,2017,166 min,"Action & Adventure, Dramas, International Movies",TV-MA,TV-14
Movie,Courtney Hunt,United States,2008,97 min,"Dramas, Independent Movies",R,R
Movie,Jon Izen,Canada,2020,33 min,Children & Family Movies,TV-Y,TV-Y
Movie,Ben Young,United States,2018,95 min,"Action & Adventure, Dramas, Sci-Fi & Fantasy",TV-MA,TV-MA
TV Show,Not Given,France,2021,1 Season,"TV Comedies, TV Dramas",TV-MA,TV-MA
Movie,Alberto Rodríguez,Spain,2016,123 min,"Dramas, International Movies, Thrillers",TV-14,TV-MA
TV Show,Not Given,France,2018,1 Season,"Kids' TV, TV Comedies",TV-Y7,TV-Y
TV Show,Not Given,South Korea,2017,1 Season,"International TV Shows, Korean TV Shows, Romantic TV Shows",TV-PG,TV-MA
TV Show,Not Given,United States,2019,1 Season,Kids' TV,TV-Y,TV-Y
TV Show,Not Given,United States,2019,2 Seasons,"Docuseries, Reality TV",TV-MA,TV-MA
Movie,Erik Matti,Philippines,2018,128 min,"Action & Adventure, International Movies",TV-MA,TV-MA
Movie,Emmett Malloy,United States,2021,98 min,"Documentaries, Music & Musicals",R,TV-MA
Movie,Jared Stern,United States,2018,78 min,"Comedies, Romantic Movies",TV-MA,TV-MA
Movie,Li Pei-Chuan,Hong Kong,1981,92 min,"Comedies, International Movies",TV-PG,TV-14
Movie,Marc Vigil,Spain,2019,93 min,"International Movies, Thrillers",TV-MA,TV-MA
TV Show,Not Given,Taiwan,2015,1 Season,"International TV Shows, Romantic TV Shows, TV Comedies",TV-14,TV-PG
TV Show,Not Given,United States,2014,2 Seasons,Reality TV,TV-14,TV-PG
Movie,Yandy Laurens,Indonesia,2018,110 min,"Children & Family Movies, Dramas, International Movies",TV-G,TV-PG
Movie,Eli Roth,United States,2013,101 min,"Horror Movies, Independent Movies",R,R
Movie,Danny Boyle,United Kingdom,2015,122 min,Dramas,R,R
Movie,Hrishikesh Mukherjee,India,1979,137 min,"Classic Movies, Comedies, International Movies",TV-PG,TV-PG
TV Show,Estela Renner,Brazil,2016,1 Season,"Docuseries, International TV Shows, Science & Nature TV",TV-PG,TV-PG
Movie,Bruce W. Smith,United States,1992,73 min,Comedies,PG-13,PG-13
TV Show,Not Given,South Korea,2016,1 Season,"Crime TV Shows, International TV Shows, Korean TV Shows",TV-MA,TV-14
Movie,Michael Cuesta,United States,2017,112 min,Action & Adventure,R,R
Movie,Sudhir Mishra,India,2003,111 min,"Dramas, International Movies, Romantic Movies",TV-MA,TV-14
Movie,Joe Penna,Germany,2021,116 min,"Dramas, International Movies, Thrillers",TV-MA,TV-MA
Movie,Note Chern-Yim,Thailand,2005,92 min,"Comedies, Faith & Spirituality, International Movies",TV-14,TV-14
TV Show,Not Given,United States,2017,1 Season,Kids' TV,TV-Y7,TV-Y
Movie,Christian Alvart,United States,2009,111 min,"Horror Movies, Thrillers",R,R
TV Show,Not Given,Canada,2013,2 Seasons,"Kids' TV, TV Comedies",TV-G,TV-PG
Movie,Gaby Dellal,United States,2015,92 min,"Dramas, LGBTQ Movies",PG-13,TV-MA
Movie,Olivia M. Lamasan,Philippines,2014,128 min,"Dramas, International Movies, Romantic Movies",TV-14,TV-14
Movie,Michael Petroni,Australia,2015,90 min,"Dramas, Thrillers",R,R
TV Show,Not Given,Germany,2019,1 Season,"International TV Shows, TV Dramas",TV-MA,TV-MA
Movie,Richard Attenborough,United States,1977,176 min,"Action & Adventure, Classic Movies, Dramas",PG,R
Movie,"Lewis Milestone, Carol Reed",United States,1962,185 min,"Action & Adventure, Classic Movies, Dramas",TV-PG,R
TV Show,Not Given,Japan,2018,1 Season,"Anime Series, International TV Shows",TV-MA,TV-14
TV Show,Not Given,Pakistan,2021,1 Season,"International TV Shows, Spanish-Language TV Shows, TV Dramas",TV-MA,TV-MA
Movie,Saara Cantell,Finland,2016,108 min,"Dramas, International Movies",TV-MA,TV-MA
Movie,David Benullo,Not Given,2021,86 min,Thrillers,TV-14,TV-14
Movie,Alphonso J. Wesson,United States,2006,85 min,Stand-Up Comedy,NR,TV-MA
TV Show,Not Given,Australia,2016,1 Season,"Crime TV Shows, International TV Shows, TV Dramas",TV-MA,TV-MA
Movie,Janusz Majewski,Poland,1975,96 min,"Classic Movies, Dramas, International Movies",TV-MA,TV-MA
Movie,Steven Knight,United Kingdom,2013,85 min,"Dramas, Independent Movies",R,R
Movie,Dimitri Logothetis,United States,2020,102 min,Action & Adventure,R,R
Movie,Michael Cuesta,United States,2014,112 min,"Dramas, Thrillers",R,R
Movie,Drew Casson,United Kingdom,2014,79 min,"Horror Movies, Independent Movies, International Movies",TV-MA,TV-MA
Movie,Josh Greenbaum,United States,2013,100 min,"Children & Family Movies, Documentaries, Sports Movies",PG,R
TV Show,Not Given,United Kingdom,2019,5 Seasons,"British TV Shows, Crime TV Shows, International TV Shows",TV-MA,TV-MA
Movie,Saandeep Patel,India,2017,163 min,"Comedies, International Movies, Romantic Movies",TV-14,TV-14
Movie,Werner Herzog,United States,2015,128 min,Dramas,PG-13,PG-13
Movie,Ayumu Watanabe,Japan,2019,112 min,"Anime Features, International Movies",TV-PG,TV-MA
Movie,Brian Knappenberger,Netherlands,2017,96 min,Documentaries,TV-14,TV-MA
TV Show,Not Given,Taiwan,2017,1 Season,"International TV Shows, Romantic TV Shows",TV-MA,TV-14
Movie,"Daniel Lindsay, T.J. Martin",United States,2017,114 min,Documentaries,R,TV-MA
TV Show,Not Given,Norway,2014,3 Seasons,"Crime TV Shows, TV Comedies, TV Dramas",TV-MA,TV-MA
Movie,Cathy Garcia-Molina,Philippines,2017,121 min,"Comedies, Dramas, International Movies",TV-14,TV-MA
TV Show,Not Given,Pakistan,2021,1 Season,"Anime Series, International TV Shows",TV-MA,TV-MA
TV Show,Not Given,Egypt,2018,1 Season,"International TV Shows, Romantic TV Shows, TV Dramas",TV-14,TV-14
Movie,Barry Sonnenfeld,United States,1997,98 min,"Action & Adventure, Comedies, Sci-Fi & Fantasy",PG-13,PG-13
Movie,Daniel Gordon,United Kingdom,2016,93 min,"Documentaries, International Movies",TV-MA,TV-MA
Movie,Bill Condon,United States,2011,117 min,"Dramas, Romantic Movies",PG-13,PG-13
Movie,Khaled El Halafawy,Egypt,2016,99 min,"Comedies, International Movies",TV-14,TV-14
Movie,Rajiv Mehra,India,1983,151 min,"Dramas, International Movies, Music & Musicals",TV-14,TV-14
TV Show,Not Given,United States,2018,1 Season,Reality TV,TV-MA,TV-MA
Movie,Kwabena Gyansah,Ghana,2018,89 min,"Dramas, International Movies",TV-14,TV-MA
Movie,Eva Trobisch,Germany,2019,90 min,"Dramas, International Movies",TV-MA,TV-MA
Movie,Jay Roach,United States,2002,94 min,"Action & Adventure, Comedies",PG-13,PG-13
Movie,Todd Biermann,Not Given,2018,57 min,Stand-Up Comedy,TV-MA,TV-MA
TV Show,Not Given,South Korea,2019,1 Season,"International TV Shows, Romantic TV Shows, TV Dramas",TV-14,TV-MA
Movie,Dado C. Lumibao,Philippines,2013,106 min,"Comedies, Dramas, International Movies",TV-14,TV-14
Movie,Julie Taymor,United States,2007,133 min,"Dramas, Music & Musicals, Romantic Movies",PG-13,PG-13
TV Show,Not Given,United Kingdom,1977,10 Seasons,"British TV Shows, Classic & Cult TV, TV Comedies",TV-PG,TV-MA
Movie,"Álvaro Longoria, Gerardo Olivares",Spain,2018,117 min,"Documentaries, International Movies",TV-MA,TV-MA
Movie,Sameer Vidwans,India,2017,132 min,"Dramas, International Movies",TV-PG,TV-14
Movie,Balu Mahendra,India,1983,137 min,"Dramas, International Movies, Romantic Movies",TV-14,TV-14
TV Show,Not Given,United States,2021,2 Seasons,"Crime TV Shows, TV Action & Adventure, TV Comedies",TV-MA,TV-MA
Movie,Johnnie To,Hong Kong,1992,95 min,"Action & Adventure, Comedies, International Movies",TV-14,TV-14
TV Show,Pali Yahya,Not Given,2015,1 Season,"International TV Shows, TV Dramas",TV-14,TV-14
TV Show,Not Given,United States,2013,1 Season,Reality TV,TV-PG,TV-14
Movie,John Schultz,United States,2019,85 min,"Children & Family Movies, Dramas, Romantic Movies",TV-PG,TV-PG
Movie,Pablo Larraín,Chile,2008,97 min,"Dramas, Independent Movies, International Movies",TV-MA,TV-MA
TV Show,Not Given,Pakistan,2017,1 Season,"Crime TV Shows, International TV Shows, TV Dramas",TV-MA,TV-14
Movie,Matt Shakman,United States,2014,93 min,"Dramas, Thrillers",R,R
Movie,Leslie Iwerks,United States,2007,89 min,Documentaries,G,PG-13
Movie,Tarun Mansukhani,India,2019,119 min,"Action & Adventure, International Movies",TV-14,TV-14
Movie,Rob Reiner,United States,2010,90 min,"Comedies, Dramas, Romantic Movies",PG,PG-13
Movie,Gagan Puri,India,2020,114 min,"Comedies, International Movies",TV-14,TV-14
TV Show,Not Given,Mexico,2018,1 Season,"Docuseries, International TV Shows",TV-G,TV-MA
TV Show,Not Given,United States,2016,4 Seasons,"Romantic TV Shows, TV Dramas",TV-14,TV-MA
Movie,Johannes Roberts,United States,2018,85 min,Horror Movies,R,TV-MA
TV Show,Not Given,Pakistan,2019,2 Seasons,"Stand-Up Comedy & Talk Shows, TV Comedies",TV-MA,TV-MA
Movie,Thomas Astruc,France,2016,22 min,Movies,TV-Y7,TV-MA
Movie,Jim Mickle,United States,2019,116 min,"Dramas, Sci-Fi & Fantasy, Thrillers",TV-MA,TV-MA
Movie,Martin Campbell,United States,2011,114 min,"Action & Adventure, Sci-Fi & Fantasy",PG-13,PG-13
TV Show,Not Given,India,2019,1 Season,Kids' TV,TV-Y,TV-Y
Movie,Greg Kohs,United States,2017,90 min,Documentaries,TV-G,TV-MA
Movie,Fab Five Freddie,Not Given,2019,98 min,"Documentaries, Music & Musicals",TV-MA,TV-MA
Movie,Rick Morales,United States,2014,22 min,Movies,TV-Y7,TV-Y
Movie,Oliver Daly,United States,2018,99 min,"Action & Adventure, Children & Family Movies, Independent Movies",PG,TV-MA
TV Show,Not Given,United Kingdom,2021,1 Season,Kids' TV,TV-Y,TV-Y
Movie,Chris Columbus,Canada,2020,115 min,"Children & Family Movies, Comedies",PG,PG
Movie,Farah Khan,India,2014,179 min,"Action & Adventure, Comedies, Dramas",TV-14,TV-14
TV Show,Not Given,France,2015,1 Season,Kids' TV,TV-Y,TV-Y
